Nose_x,Nose_y,Nose_z,LEye_in_x,LEye_in_y,LEye_in_z,LEye_x,LEye_y,LEye_z,LEye_out_x,LEye_out_y,LEye_out_z,REye_in_x,REye_in_y,REye_in_z,REye_x,REye_y,REye_z,REye_out_x,REye_out_y,REye_out_z,LEar_x,LEar_y,LEar_z,REar_x,REar_y,REar_z,LMouth_x,LMouth_y,LMouth_z,RMouth_x,RMouth_y,RMouth_z,LShoulder_x,LShoulder_y,LShoulder_z,RShoulder_x,RShoulder_y,RShoulder_z,LElbow_x,LElbow_y,LElbow_z,RElbow_x,RElbow_y,RElbow_z,LWrist_x,LWrist_y,LWrist_z,RWrist_x,RWrist_y,RWrist_z,LPinky_x,LPinky_y,LPinky_z,RPinky_x,RPinky_y,RPinky_z,LIndex_x,LIndex_y,LIndex_z,RIndex_x,RIndex_y,RIndex_z,LThumb_x,LThumb_y,LThumb_z,RThumb_x,RThumb_y,RThumb_z,LHip_x,LHip_y,LHip_z,RHip_x,RHip_y,RHip_z,LKnee_x,LKnee_y,LKnee_z,RKnee_x,RKnee_y,RKnee_z,LAnkle_x,LAnkle_y,LAnkle_z,RAnkle_x,RAnkle_y,RAnkle_z,LHeel_x,LHeel_y,LHeel_z,RHeel_x,RHeel_y,RHeel_z,LFIndex_x,LFIndex_y,LFIndex_z,RFIndex_x,RFIndex_y,RFIndex_z
0.4902089238166809,0.3551982641220093,-0.2808898687362671,0.493438184261322,0.34523507952690125,-0.2594136595726013,0.4983413815498352,0.34427812695503235,-0.2595437467098236,0.5023168325424194,0.3434174060821533,-0.2596420347690582,0.4782349467277527,0.3479154407978058,-0.2610432505607605,0.4733637869358063,0.3488186299800873,-0.2610529363155365,0.46844637393951416,0.34961843490600586,-0.26102104783058167,0.50801020860672,0.34336474537849426,-0.0979565680027008,0.4622360169887543,0.3524492383003235,-0.09990563243627548,0.5005578398704529,0.36093634366989136,-0.21615289151668549,0.4848380386829376,0.36378514766693115,-0.2166779637336731,0.5647504329681396,0.3713876008987427,0.03948767110705376,0.4421120584011078,0.3866163492202759,-0.02249917760491371,0.6046602129936218,0.41850459575653076,-0.11208666861057281,0.4427335858345032,0.4470175504684448,-0.159258171916008,0.5961158871650696,0.4158787429332733,-0.44924408197402954,0.4731484353542328,0.4289613664150238,-0.4469316899776459,0.5874298810958862,0.42318323254585266,-0.5139032006263733,0.4883372187614441,0.42852190136909485,-0.5057160258293152,0.5779641270637512,0.414692223072052,-0.5093270540237427,0.4910726547241211,0.41918089985847473,-0.5078803300857544,0.5764928460121155,0.41191136837005615,-0.45411965250968933,0.4891485273838043,0.4181080460548401,-0.4514543116092682,0.5535665154457092,0.47171151638031006,0.02415437251329422,0.4920031428337097,0.47657227516174316,-0.02363336645066738,0.6360533237457275,0.43821102380752563,-0.3927203118801117,0.5058667063713074,0.44157811999320984,-0.5826116800308228,0.5631262063980103,0.5392332077026367,-0.29559800028800964,0.5301802158355713,0.54310542345047,-0.4816886782646179,0.5443660020828247,0.5465505123138428,-0.2900685966014862,0.5323432087898254,0.5543524026870728,-0.4718315899372101,0.565731942653656,0.5697916150093079,-0.4285983145236969,0.5502756834030151,0.5793113708496094,-0.6131596565246582
0.4900985658168793,0.355213463306427,-0.26901164650917053,0.4937857389450073,0.34537118673324585,-0.24986819922924042,0.49912020564079285,0.34443148970603943,-0.24990014731884003,0.5034712553024292,0.34359827637672424,-0.2499311864376068,0.47824859619140625,0.3479454219341278,-0.24967172741889954,0.4733802378177643,0.34882059693336487,-0.24974936246871948,0.4686703383922577,0.3496166467666626,-0.24976013600826263,0.5110421180725098,0.34377020597457886,-0.10244538635015488,0.46412041783332825,0.35243022441864014,-0.1004021167755127,0.5020170211791992,0.3610164225101471,-0.21311843395233154,0.48481109738349915,0.36426395177841187,-0.21235811710357666,0.5693811774253845,0.37182673811912537,0.0035765739157795906,0.4454074800014496,0.38851767778396606,-0.022478139027953148,0.6068025827407837,0.4220047891139984,-0.14210672676563263,0.44249778985977173,0.45050913095474243,-0.1515333652496338,0.5984818935394287,0.4172443151473999,-0.46558138728141785,0.47315171360969543,0.43093881011009216,-0.42966228723526,0.5890072584152222,0.4238053560256958,-0.523525595664978,0.4881633520126343,0.42889755964279175,-0.48110896348953247,0.5796699523925781,0.4150336980819702,-0.5223580598831177,0.49017542600631714,0.41968095302581787,-0.4796583950519562,0.5787380337715149,0.4121493995189667,-0.4703304171562195,0.4885959327220917,0.41842135787010193,-0.43194636702537537,0.5733422040939331,0.4716685712337494,0.011284628883004189,0.5084413290023804,0.4754779040813446,-0.010900180786848068,0.6075648665428162,0.4430669844150543,-0.4085826575756073,0.5027969479560852,0.44180768728256226,-0.4446786046028137,0.551266610622406,0.5318058729171753,-0.28579774498939514,0.5250688791275024,0.5337272882461548,-0.34522461891174316,0.5461223721504211,0.5388169288635254,-0.27625972032546997,0.5201070308685303,0.5434701442718506,-0.33781319856643677,0.5322791934013367,0.5685476064682007,-0.40826454758644104,0.5211387276649475,0.5710583329200745,-0.4703238606452942
0.4929581582546234,0.3572266399860382,-0.27923059463500977,0.4978347420692444,0.34767723083496094,-0.2601802349090576,0.5031590461730957,0.34678295254707336,-0.2601444125175476,0.5074690580368042,0.3460204303264618,-0.26013249158859253,0.4818541705608368,0.35025686025619507,-0.2604809105396271,0.4769064784049988,0.35111719369888306,-0.26058417558670044,0.47253093123435974,0.3520023822784424,-0.26061299443244934,0.516618013381958,0.3467837870121002,-0.12192640453577042,0.46891266107559204,0.3548520803451538,-0.1222413033246994,0.5071895718574524,0.3634718060493469,-0.22721603512763977,0.4888710379600525,0.36734217405319214,-0.22720757126808167,0.577065110206604,0.37817394733428955,-0.01707177609205246,0.44999179244041443,0.39319533109664917,-0.047200120985507965,0.6144472360610962,0.4303034245967865,-0.16851806640625,0.4501483142375946,0.4541989266872406,-0.17734825611114502,0.6016533374786377,0.4222906827926636,-0.498457133769989,0.47342056035995483,0.4333575367927551,-0.4477078318595886,0.5902920365333557,0.42528948187828064,-0.5558863282203674,0.4880909025669098,0.42964616417884827,-0.49402791261672974,0.5816645622253418,0.41638484597206116,-0.552844762802124,0.4892565906047821,0.42127424478530884,-0.4880334436893463,0.5816046595573425,0.41421207785606384,-0.5026670694351196,0.48779749870300293,0.42020320892333984,-0.44882598519325256,0.5831789970397949,0.47438302636146545,0.011200604028999805,0.5167323350906372,0.47575274109840393,-0.010859145782887936,0.6103923320770264,0.44408372044563293,-0.4131265878677368,0.49743321537971497,0.446990966796875,-0.4542323052883148,0.5538021326065063,0.5302950143814087,-0.2608642280101776,0.5171367526054382,0.5333778262138367,-0.3224526643753052,0.5522144436836243,0.5371426939964294,-0.24841724336147308,0.5202792286872864,0.5426588654518127,-0.311919242143631,0.5412631034851074,0.568598747253418,-0.3845747411251068,0.5071422457695007,0.570536732673645,-0.44699612259864807
0.4965025782585144,0.3611564338207245,-0.3511885702610016,0.501619815826416,0.35144662857055664,-0.3329406976699829,0.5071516633033752,0.3506067097187042,-0.33291012048721313,0.5117851495742798,0.3499508500099182,-0.33291956782341003,0.4851413667201996,0.3540744185447693,-0.3309936821460724,0.480101078748703,0.3549923896789551,-0.33109527826309204,0.4759499728679657,0.35590365529060364,-0.33114463090896606,0.5227229595184326,0.35098326206207275,-0.19487233459949493,0.47335636615753174,0.3590424358844757,-0.18305888772010803,0.5117467641830444,0.36793845891952515,-0.29749029874801636,0.4936855733394623,0.3716289699077606,-0.2941036522388458,0.5847336053848267,0.38362160325050354,-0.08598316460847855,0.4550129175186157,0.3985627591609955,-0.09339206665754318,0.6211485862731934,0.4388252794742584,-0.23771271109580994,0.4557926654815674,0.45972204208374023,-0.22502894699573517,0.6034708619117737,0.4276221692562103,-0.5545670986175537,0.47478631138801575,0.43623635172843933,-0.5025794506072998,0.5902734994888306,0.42721083760261536,-0.6093827486038208,0.48807188868522644,0.430911660194397,-0.5521396398544312,0.5828284025192261,0.41797375679016113,-0.6046385765075684,0.48881739377975464,0.42318037152290344,-0.5449998378753662,0.5833507776260376,0.4173988997936249,-0.5572939515113831,0.48763248324394226,0.42269688844680786,-0.5028210282325745,0.5930375456809998,0.47837573289871216,0.004028520546853542,0.523086428642273,0.47863277792930603,-0.00370790739543736,0.6121605038642883,0.4482162594795227,-0.4309777021408081,0.4963744282722473,0.4492304027080536,-0.4459320902824402,0.5544168949127197,0.5315769910812378,-0.23014602065086365,0.5169727206230164,0.5340398550033569,-0.27723225951194763,0.5482679009437561,0.5381622314453125,-0.21350470185279846,0.5207297801971436,0.5433555245399475,-0.26426273584365845,0.5379642844200134,0.570766270160675,-0.35428011417388916,0.5099958181381226,0.5706614255905151,-0.4059445261955261
0.5018137693405151,0.364961177110672,-0.2322613000869751,0.5077657103538513,0.3553268015384674,-0.2111959457397461,0.5131604671478271,0.35462313890457153,-0.21114927530288696,0.517940104007721,0.3541124761104584,-0.21117821335792542,0.4908658564090729,0.35790297389030457,-0.20805855095386505,0.48559582233428955,0.35895028710365295,-0.2081325650215149,0.4811820089817047,0.3600352704524994,-0.20817825198173523,0.5298416614532471,0.35561448335647583,-0.07696769386529922,0.47940170764923096,0.3637881875038147,-0.05994688346982002,0.5171008706092834,0.37172144651412964,-0.1814325898885727,0.4990288019180298,0.3753962516784668,-0.17662717401981354,0.5929518938064575,0.38953372836112976,-0.008728357963263988,0.46204280853271484,0.40503567457199097,0.021705262362957,0.6281002163887024,0.44561728835105896,-0.20348139107227325,0.457085520029068,0.4651198983192444,-0.12265190482139587,0.6051288843154907,0.43241026997566223,-0.46395447850227356,0.47365134954452515,0.4399453401565552,-0.407397985458374,0.5902251601219177,0.43031999468803406,-0.5101763010025024,0.4865800738334656,0.4337299168109894,-0.4586021304130554,0.5837191939353943,0.42093780636787415,-0.5041866898536682,0.4870487153530121,0.4261229932308197,-0.44446703791618347,0.5853012204170227,0.4214309751987457,-0.4651842415332794,0.48631492257118225,0.42602887749671936,-0.4051181674003601,0.6015929579734802,0.48450207710266113,-0.005524303298443556,0.530322790145874,0.4847661852836609,0.005910584703087807,0.6158041954040527,0.45889338850975037,-0.45763304829597473,0.4952281713485718,0.4512067139148712,-0.4354858100414276,0.5482545495033264,0.5674287676811218,-0.34377115964889526,0.5166076421737671,0.5365893840789795,-0.3513944149017334,0.5400803089141846,0.5746098756790161,-0.33636268973350525,0.5219500064849854,0.5541679859161377,-0.344716876745224,0.5205263495445251,0.6115275621414185,-0.4854676127433777,0.5128854513168335,0.5787434577941895,-0.4853810966014862
0.5076758861541748,0.36903655529022217,-0.22957231104373932,0.5141438841819763,0.3592991530895233,-0.2084864228963852,0.5193738341331482,0.3586217164993286,-0.20845834910869598,0.5241942405700684,0.3581025302410126,-0.2084837406873703,0.4978289008140564,0.3618190586566925,-0.20520347356796265,0.49279502034187317,0.36284419894218445,-0.20528587698936462,0.48826107382774353,0.3639335036277771,-0.2053236961364746,0.5362403988838196,0.3597654700279236,-0.07385578006505966,0.48680850863456726,0.3674156069755554,-0.05801251903176308,0.5227324962615967,0.3756776750087738,-0.1788768172264099,0.5047412514686584,0.3789043724536896,-0.1743762046098709,0.5993536710739136,0.3950708508491516,-0.004264556337147951,0.46811211109161377,0.4084003269672394,0.02593367174267769,0.6328750252723694,0.4502447545528412,-0.17439217865467072,0.46120110154151917,0.4667353928089142,-0.11403921246528625,0.6074897646903992,0.4362078905105591,-0.45286837220191956,0.4735702872276306,0.4430391192436218,-0.4040805697441101,0.5915597081184387,0.4344315826892853,-0.5005410313606262,0.48492568731307983,0.43765005469322205,-0.45615655183792114,0.5864008665084839,0.4248577058315277,-0.49287793040275574,0.4860955476760864,0.43038177490234375,-0.4444696307182312,0.5884639620780945,0.42555320262908936,-0.45368072390556335,0.4857960641384125,0.43016353249549866,-0.4033266007900238,0.6019531488418579,0.4879756271839142,-0.009854820556938648,0.5303006172180176,0.488013356924057,0.010239598341286182,0.6136066913604736,0.4641282558441162,-0.4570208489894867,0.4943561851978302,0.4543956220149994,-0.41604727506637573,0.5454246401786804,0.5761221051216125,-0.36191073060035706,0.5171802043914795,0.5406517386436462,-0.33976995944976807,0.5375217199325562,0.5832802057266235,-0.3556665778160095,0.5236042141914368,0.5588726997375488,-0.33570218086242676,0.5215071439743042,0.6203392744064331,-0.5015945434570312,0.5170862078666687,0.5830708146095276,-0.47442427277565
0.511721670627594,0.37209010124206543,-0.3147643804550171,0.5190466642379761,0.3624521493911743,-0.29257023334503174,0.5246632695198059,0.3617360293865204,-0.2925572693347931,0.5296992063522339,0.36118271946907043,-0.2926013469696045,0.5022563934326172,0.365075021982193,-0.28859981894493103,0.4970940053462982,0.3661174178123474,-0.28871747851371765,0.49257567524909973,0.367218554019928,-0.288765549659729,0.5420065522193909,0.36283740401268005,-0.15252074599266052,0.49163779616355896,0.3706534802913666,-0.13474366068840027,0.5276774764060974,0.37893250584602356,-0.2621917724609375,0.5089267492294312,0.3824182152748108,-0.2573041617870331,0.6041156649589539,0.3995341658592224,-0.07903331518173218,0.47517576813697815,0.41282764077186584,-0.027536846697330475,0.6352936029434204,0.4546085596084595,-0.25143367052078247,0.46240007877349854,0.4716554880142212,-0.1723889857530594,0.608217179775238,0.4406106472015381,-0.5462482571601868,0.47307029366493225,0.4474653899669647,-0.4917827248573303,0.5919303297996521,0.4375377893447876,-0.5998918414115906,0.48381727933883667,0.4418012201786041,-0.5486643314361572,0.5874543190002441,0.4283633828163147,-0.5919511318206787,0.48546066880226135,0.4345991313457489,-0.5369816422462463,0.5895879864692688,0.42937880754470825,-0.5476560592651367,0.4851430654525757,0.4345625638961792,-0.49254080653190613,0.6014167666435242,0.49301525950431824,-0.02150220423936844,0.5327455997467041,0.4924911856651306,0.021825995296239853,0.5755304098129272,0.4774610102176666,-0.4455491006374359,0.4923015832901001,0.45838701725006104,-0.3980235159397125,0.5384219884872437,0.5657034516334534,-0.2718047797679901,0.5134546160697937,0.547467827796936,-0.25700271129608154,0.5364494919776917,0.5734714865684509,-0.2555750012397766,0.5227033495903015,0.5596228241920471,-0.24680423736572266,0.5092015862464905,0.6031822562217712,-0.39223712682724,0.5115127563476562,0.5858596563339233,-0.38868388533592224
0.5143018960952759,0.374089777469635,-0.3177223801612854,0.5232784748077393,0.36525624990463257,-0.2974347770214081,0.5291266441345215,0.36476391553878784,-0.2974104881286621,0.5342703461647034,0.36435016989707947,-0.297457754611969,0.5058441758155823,0.3674229681491852,-0.292980819940567,0.500888466835022,0.3682734966278076,-0.2930877208709717,0.49679526686668396,0.36909541487693787,-0.2931399941444397,0.5467171669006348,0.36609452962875366,-0.16696426272392273,0.49703261256217957,0.37218666076660156,-0.1466565579175949,0.5309800505638123,0.38153311610221863,-0.26848629117012024,0.5107988119125366,0.38447919487953186,-0.2628107964992523,0.6064165234565735,0.40293198823928833,-0.09334219247102737,0.47868043184280396,0.41512468457221985,-0.049935851246118546,0.6369155645370483,0.45931875705718994,-0.2485014796257019,0.46115028858184814,0.47157832980155945,-0.18275508284568787,0.6076347231864929,0.44516605138778687,-0.5207836031913757,0.47264644503593445,0.45031702518463135,-0.47793063521385193,0.5919002890586853,0.44264185428619385,-0.5729414820671082,0.482789546251297,0.4461511969566345,-0.5328660011291504,0.5877143740653992,0.4335425794124603,-0.5659720301628113,0.4852093756198883,0.4382736086845398,-0.5233555436134338,0.5896522998809814,0.43422171473503113,-0.5222902894020081,0.48489898443222046,0.4377370774745941,-0.4790341854095459,0.5980536937713623,0.49243050813674927,-0.017341742292046547,0.5302615761756897,0.4922221899032593,0.0176660418510437,0.5942097306251526,0.47269120812416077,-0.4454059898853302,0.4855431616306305,0.4626460373401642,-0.419574499130249,0.5400852560997009,0.564677357673645,-0.27220088243484497,0.5099979639053345,0.5544899106025696,-0.2851890027523041,0.5355847477912903,0.5720636248588562,-0.2572213113307953,0.5208620429039001,0.5644028782844543,-0.27539047598838806,0.5154412984848022,0.603490948677063,-0.3918646574020386,0.5051317811012268,0.5928425192832947,-0.4149032235145569
0.5156862735748291,0.3763938248157501,-0.1886017918586731,0.5249496102333069,0.3680349290370941,-0.16610805690288544,0.5313373804092407,0.3675096333026886,-0.16610021889209747,0.5369012355804443,0.36718714237213135,-0.16614584624767303,0.5080393552780151,0.36987972259521484,-0.1600133180618286,0.5036182999610901,0.3705935776233673,-0.16008663177490234,0.5000854134559631,0.3712201416492462,-0.16012026369571686,0.5501328706741333,0.3691836893558502,-0.04155871272087097,0.5014994144439697,0.37426963448524475,-0.012969816103577614,0.5333901047706604,0.38397660851478577,-0.14319084584712982,0.5128656625747681,0.38639578223228455,-0.13511550426483154,0.6116279363632202,0.40681901574134827,-0.0072850012220442295,0.48200857639312744,0.4177737832069397,0.06822224706411362,0.6422334909439087,0.4644143283367157,-0.16672740876674652,0.4615957736968994,0.4724723994731903,-0.07061592489480972,0.6072423458099365,0.4498130679130554,-0.41270333528518677,0.4725954532623291,0.45392298698425293,-0.3755069375038147,0.5918703675270081,0.44908377528190613,-0.4606474041938782,0.48148858547210693,0.45003846287727356,-0.43103349208831787,0.5876746773719788,0.43943360447883606,-0.45372840762138367,0.48414725065231323,0.44200757145881653,-0.42316582798957825,0.5895746946334839,0.43953579664230347,-0.41312235593795776,0.4841584265232086,0.44146955013275146,-0.3787008225917816,0.5975021719932556,0.4972480237483978,-0.03009512461721897,0.5296059846878052,0.49642282724380493,0.03046662174165249,0.5847893357276917,0.4900505244731903,-0.4460640251636505,0.4795035421848297,0.46572867035865784,-0.3940078020095825,0.5339592099189758,0.580921471118927,-0.33177876472473145,0.5097082257270813,0.5606292486190796,-0.31822821497917175,0.5313572883605957,0.589214026927948,-0.3233618438243866,0.5207529664039612,0.5698010325431824,-0.3111370801925659,0.4995269477367401,0.6204854249954224,-0.46022385358810425,0.5023770332336426,0.5971440076828003,-0.44970881938934326
0.5158344507217407,0.37934011220932007,-0.1702597439289093,0.5252639651298523,0.37106823921203613,-0.1518159657716751,0.5321984887123108,0.3705821931362152,-0.15181200206279755,0.5384955406188965,0.37027713656425476,-0.15187151730060577,0.5091899633407593,0.37259146571159363,-0.14426633715629578,0.5051354169845581,0.3731742203235626,-0.14433607459068298,0.501578688621521,0.373779833316803,-0.14437060058116913,0.5519030094146729,0.3727080821990967,-0.03957943990826607,0.5040708184242249,0.37707531452178955,-0.00446031428873539,0.5340985655784607,0.3872818052768707,-0.12891273200511932,0.5134152770042419,0.38914602994918823,-0.11883091926574707,0.6132292747497559,0.41103777289390564,-0.004453354049474001,0.4820573031902313,0.4205273985862732,0.07511623203754425,0.641914427280426,0.4688780903816223,-0.15272106230258942,0.46135884523391724,0.47596704959869385,-0.05008217319846153,0.6070541143417358,0.4553239345550537,-0.38576769828796387,0.46968013048171997,0.4577175974845886,-0.3529796600341797,0.5902013182640076,0.4546111226081848,-0.4310821294784546,0.4747192859649658,0.454308420419693,-0.4056086838245392,0.5876529216766357,0.44385623931884766,-0.42540642619132996,0.47522616386413574,0.44621312618255615,-0.40300828218460083,0.5897306799888611,0.443866491317749,-0.3863244354724884,0.4764614999294281,0.44593849778175354,-0.3586656451225281,0.5954231023788452,0.5017598867416382,-0.03371131792664528,0.5277186036109924,0.501038134098053,0.03408752381801605,0.5935632586479187,0.47992444038391113,-0.4534251391887665,0.471863329410553,0.46605852246284485,-0.37293776869773865,0.5316996574401855,0.5755147933959961,-0.3504466116428375,0.5079656839370728,0.5590514540672302,-0.3112943768501282,0.5291220545768738,0.5840057134628296,-0.34166988730430603,0.519944429397583,0.5692849159240723,-0.3077417314052582,0.4956415891647339,0.6099045872688293,-0.47286456823349,0.5015431046485901,0.5974768996238708,-0.4365387260913849
0.5156937837600708,0.38175731897354126,-0.13119195401668549,0.5241096019744873,0.3732936382293701,-0.11657179147005081,0.5310409665107727,0.3727876543998718,-0.1165679395198822,0.5377359390258789,0.3724663555622101,-0.1166318953037262,0.509158730506897,0.3746185600757599,-0.1072472482919693,0.5053039789199829,0.37512722611427307,-0.10730613023042679,0.5015789270401001,0.3757389485836029,-0.10732296854257584,0.5518127679824829,0.3753792941570282,-0.021170180290937424,0.5040237903594971,0.37957751750946045,0.02241937443614006,0.5332305431365967,0.39021289348602295,-0.09588272124528885,0.5138137340545654,0.3917630910873413,-0.08332916349172592,0.6131402850151062,0.4150071442127228,-0.0013862362829968333,0.4814161956310272,0.42267775535583496,0.09465701878070831,0.6413566470146179,0.4739757776260376,-0.13746462762355804,0.4600315988063812,0.477706640958786,-0.01029188558459282,0.6056912541389465,0.45896515250205994,-0.34821927547454834,0.46198418736457825,0.4612429440021515,-0.28811028599739075,0.5873981714248657,0.4588371813297272,-0.3873888850212097,0.4623545706272125,0.4577427804470062,-0.3335409164428711,0.5856992602348328,0.4479810297489166,-0.3853389322757721,0.4617388844490051,0.4498659074306488,-0.3356403410434723,0.5885660648345947,0.44770872592926025,-0.34932124614715576,0.4648599624633789,0.4501264691352844,-0.29571619629859924,0.5948446393013,0.5094363689422607,-0.04055290296673775,0.5251169204711914,0.5078261494636536,0.04083026573061943,0.5966495275497437,0.48021650314331055,-0.4443889856338501,0.45998913049697876,0.46509116888046265,-0.3038845658302307,0.5231879949569702,0.5731298923492432,-0.40162429213523865,0.5060230493545532,0.557146430015564,-0.29304826259613037,0.5135627388954163,0.5819047093391418,-0.398812472820282,0.5202789902687073,0.5668270587921143,-0.29330915212631226,0.4738343060016632,0.6067893505096436,-0.5261724591255188,0.4949474632740021,0.5956989526748657,-0.40096405148506165
0.5157482028007507,0.3858279287815094,-0.11249697953462601,0.5237982273101807,0.3773563504219055,-0.1021355614066124,0.5307762622833252,0.376775324344635,-0.10211256891489029,0.5377228260040283,0.37636247277259827,-0.1021667942404747,0.5096803903579712,0.3788194954395294,-0.08965552598237991,0.506104052066803,0.3792601227760315,-0.0896988958120346,0.5023866295814514,0.3797944486141205,-0.08971493691205978,0.5530068874359131,0.3791181147098541,-0.02020106092095375,0.5060474872589111,0.3833751678466797,0.037926141172647476,0.5326760411262512,0.39415881037712097,-0.08163672685623169,0.5146776437759399,0.3957092761993408,-0.06485291570425034,0.6129516363143921,0.4187443256378174,-0.0037976326420903206,0.4851294457912445,0.42565369606018066,0.11789879202842712,0.6400740742683411,0.4770890474319458,-0.14101414382457733,0.4591144919395447,0.4775586426258087,0.020726801827549934,0.6042735576629639,0.463480144739151,-0.3372741937637329,0.4422041177749634,0.46090471744537354,-0.2612670958042145,0.585457444190979,0.463617205619812,-0.37361136078834534,0.43940940499305725,0.4577096104621887,-0.30529388785362244,0.5840029716491699,0.4529498815536499,-0.3734857439994812,0.4446304738521576,0.4494763910770416,-0.31109315156936646,0.5871315598487854,0.4524250626564026,-0.3382215201854706,0.44889378547668457,0.4497247338294983,-0.27126118540763855,0.5923569202423096,0.5142880082130432,-0.052801359444856644,0.5244172811508179,0.5134508609771729,0.052975211292505264,0.5880295634269714,0.48239317536354065,-0.427108496427536,0.4484350085258484,0.4672602117061615,-0.24281105399131775,0.5132955312728882,0.5731887817382812,-0.41393959522247314,0.495209664106369,0.5579667687416077,-0.2646838128566742,0.5096794366836548,0.5836877226829529,-0.4127315580844879,0.5148041248321533,0.5675923824310303,-0.26798155903816223,0.46052229404449463,0.604759156703949,-0.5290030837059021,0.4714391231536865,0.5935913324356079,-0.36076393723487854
0.5164625644683838,0.38926172256469727,-0.11870069801807404,0.5243538618087769,0.38066816329956055,-0.10851887613534927,0.5311089754104614,0.3802499771118164,-0.10850786417722702,0.5381230711936951,0.37992367148399353,-0.10858246684074402,0.5111309289932251,0.38184019923210144,-0.09665881097316742,0.5075467824935913,0.382183313369751,-0.09670162945985794,0.5039786100387573,0.38261422514915466,-0.0967322289943695,0.5540107488632202,0.38270172476768494,-0.02713066153228283,0.5083886981010437,0.38600820302963257,0.028454549610614777,0.5325560569763184,0.39757171273231506,-0.08788218349218369,0.515595555305481,0.3989742696285248,-0.07185652107000351,0.6140804290771484,0.42418190836906433,-0.006610184442251921,0.48682713508605957,0.4291687309741974,0.10600501298904419,0.638785719871521,0.4830901622772217,-0.1458187997341156,0.45994237065315247,0.4757840931415558,0.00944352988153696,0.6034914255142212,0.47009795904159546,-0.32783809304237366,0.4416652321815491,0.4612482488155365,-0.25432389974594116,0.5846654176712036,0.4704321622848511,-0.35948675870895386,0.43244048953056335,0.460654079914093,-0.29444482922554016,0.5828758478164673,0.4596759080886841,-0.35950973629951477,0.4411041736602783,0.45248091220855713,-0.30062106251716614,0.5862226486206055,0.45892053842544556,-0.32879507541656494,0.44601699709892273,0.4525602459907532,-0.2645726799964905,0.5872542262077332,0.5215926170349121,-0.04950007423758507,0.5194854140281677,0.5188581347465515,0.04966918006539345,0.5841997861862183,0.4864351153373718,-0.3987243175506592,0.4455467164516449,0.4694276750087738,-0.23735371232032776,0.5018483996391296,0.5791913866996765,-0.40607020258903503,0.47281205654144287,0.5645182728767395,-0.2692967355251312,0.496499240398407,0.590472936630249,-0.40633130073547363,0.4920579791069031,0.5741380453109741,-0.2741238474845886,0.44409987330436707,0.6041905283927917,-0.5219701528549194,0.4381510615348816,0.5948209762573242,-0.3695637583732605
0.5168180465698242,0.393411248922348,-0.07911921292543411,0.5247146487236023,0.3848743140697479,-0.06691556423902512,0.531417191028595,0.3845142424106598,-0.06691019237041473,0.5386373400688171,0.3842281699180603,-0.06699793040752411,0.5116916298866272,0.38572055101394653,-0.053597453981637955,0.5079225301742554,0.38596251606941223,-0.053629592061042786,0.5042250752449036,0.38620591163635254,-0.05363159999251366,0.5554739236831665,0.3864777386188507,0.02295703813433647,0.509400486946106,0.38902196288108826,0.08700829744338989,0.5324346423149109,0.40168872475624084,-0.0449892096221447,0.5158036947250366,0.4029698967933655,-0.026685120537877083,0.6152211427688599,0.4266141653060913,0.03834003582596779,0.48537150025367737,0.4311876893043518,0.16985243558883667,0.6387664675712585,0.48670676350593567,-0.11052963882684708,0.4603961706161499,0.4764534533023834,0.05714355781674385,0.6002932190895081,0.4734664857387543,-0.3067920506000519,0.4342588186264038,0.4657135307788849,-0.24713659286499023,0.5821354389190674,0.47520044445991516,-0.34296634793281555,0.4268833100795746,0.4641183018684387,-0.2943751811981201,0.58014315366745,0.4649139940738678,-0.3423152565956116,0.43327683210372925,0.45376521348953247,-0.30106788873672485,0.5832758545875549,0.46348729729652405,-0.3077417314052582,0.43990248441696167,0.4542580842971802,-0.25858670473098755,0.5816068053245544,0.5243698358535767,-0.05178816244006157,0.5085306763648987,0.5198624730110168,0.051998186856508255,0.5856562256813049,0.49950477480888367,-0.41785508394241333,0.43429791927337646,0.4777821898460388,-0.26774293184280396,0.49876412749290466,0.5929185748100281,-0.4823165237903595,0.454889714717865,0.5752384662628174,-0.3157482445240021,0.48707959055900574,0.603257954120636,-0.48829200863838196,0.4838574528694153,0.5855738520622253,-0.32946205139160156,0.4411230981349945,0.6186118125915527,-0.6183253526687622,0.4235585927963257,0.6026607155799866,-0.42422863841056824
0.5164008140563965,0.3964789807796478,-0.0838923528790474,0.5244357585906982,0.38803234696388245,-0.07003648579120636,0.5311979055404663,0.38761627674102783,-0.07004478573799133,0.5385693907737732,0.38726580142974854,-0.07013546675443649,0.5111941695213318,0.38892751932144165,-0.05797472968697548,0.5074191689491272,0.38910534977912903,-0.05801856890320778,0.503696620464325,0.3892717957496643,-0.058006301522254944,0.5557302236557007,0.38898828625679016,0.03081965632736683,0.5093235373497009,0.3914622664451599,0.08834907412528992,0.5319170355796814,0.40458059310913086,-0.04521475359797478,0.5154171586036682,0.40591326355934143,-0.028809281066060066,0.6150302290916443,0.4279578924179077,0.051397647708654404,0.48398974537849426,0.43185704946517944,0.18321484327316284,0.6383875608444214,0.4866637885570526,-0.08766695111989975,0.46021172404289246,0.4755665063858032,0.09337663650512695,0.5957763195037842,0.47591736912727356,-0.27292850613594055,0.43374454975128174,0.46953099966049194,-0.19201572239398956,0.577730655670166,0.48026812076568604,-0.3086598515510559,0.4217528998851776,0.4677238166332245,-0.23761560022830963,0.5752001404762268,0.4699295461177826,-0.30961543321609497,0.4297584593296051,0.4596317410469055,-0.24866382777690887,0.5780913233757019,0.46770787239074707,-0.2746531367301941,0.4380183815956116,0.4595645070075989,-0.20481863617897034,0.5735989212989807,0.5244930386543274,-0.054961930960416794,0.5025305151939392,0.5192527770996094,0.05525922402739525,0.5794473886489868,0.5076960921287537,-0.4479803442955017,0.42853546142578125,0.4821026027202606,-0.30214428901672363,0.48270997405052185,0.5938950181007385,-0.5142833590507507,0.4409210681915283,0.5809082388877869,-0.37689003348350525,0.4726182222366333,0.6082971096038818,-0.5210928916931152,0.46754083037376404,0.59395831823349,-0.3891736567020416,0.4229302704334259,0.6168814301490784,-0.651523768901825,0.3991575241088867,0.6071906089782715,-0.5026023387908936
0.5161747932434082,0.3982291519641876,-0.10334620624780655,0.5240130424499512,0.38958248496055603,-0.08833272010087967,0.5307493805885315,0.3891337513923645,-0.0883575826883316,0.5378512740135193,0.38876616954803467,-0.08844133466482162,0.5103974938392639,0.3905428946018219,-0.07332632690668106,0.5065359473228455,0.3906797468662262,-0.07338201254606247,0.5027955770492554,0.3908984959125519,-0.07337472587823868,0.5547314286231995,0.3907987177371979,0.018798058852553368,0.5074999332427979,0.39330044388771057,0.09057777374982834,0.5316244959831238,0.40632015466690063,-0.0627019852399826,0.5148260593414307,0.40791356563568115,-0.04247685894370079,0.614617645740509,0.43060484528541565,0.04349767789244652,0.48350268602371216,0.4339497983455658,0.20008546113967896,0.6386004090309143,0.4871155321598053,-0.09860683232545853,0.4580441415309906,0.47642678022384644,0.12404680252075195,0.5925995111465454,0.48099666833877563,-0.2981283962726593,0.4273199141025543,0.47628143429756165,-0.174950510263443,0.5733803510665894,0.48604780435562134,-0.3395027816295624,0.4142369031906128,0.4747563898563385,-0.22290058434009552,0.5696095824241638,0.47566545009613037,-0.34345531463623047,0.4206404983997345,0.46726754307746887,-0.2375754863023758,0.5724867582321167,0.4736163020133972,-0.30109378695487976,0.428462952375412,0.4675247073173523,-0.18915919959545135,0.5714386105537415,0.5254228711128235,-0.06402941793203354,0.49922114610671997,0.5189607739448547,0.06438834965229034,0.5564810037612915,0.515899121761322,-0.4871242940425873,0.4228900074958801,0.486754447221756,-0.3145943880081177,0.45975860953330994,0.6037570834159851,-0.5736080408096313,0.4251376688480377,0.5861800909042358,-0.4131488502025604,0.455165833234787,0.6193457841873169,-0.5855724811553955,0.44814708828926086,0.6019140481948853,-0.42968693375587463,0.39866432547569275,0.6234356164932251,-0.7363981008529663,0.3803011178970337,0.6122710704803467,-0.5658580660820007
0.5134134292602539,0.40159839391708374,-0.054837845265865326,0.5217740535736084,0.39250993728637695,-0.03986796736717224,0.5274870991706848,0.39193594455718994,-0.039860859513282776,0.5345568656921387,0.3914257287979126,-0.03993279114365578,0.5087700486183167,0.3934195041656494,-0.02504744939506054,0.50459223985672,0.3935617506504059,-0.02508658729493618,0.5010148882865906,0.39371564984321594,-0.025066088885068893,0.5539427995681763,0.39338892698287964,0.060420576483011246,0.5071056485176086,0.39597755670547485,0.13043135404586792,0.5282450318336487,0.4094696044921875,-0.01676049642264843,0.5126178860664368,0.4108850657939911,0.003421009983867407,0.6136780381202698,0.43289634585380554,0.09216557443141937,0.4798450469970703,0.43503937125205994,0.2175564169883728,0.6380308270454407,0.49101823568344116,-0.04101676121354103,0.45187512040138245,0.48163866996765137,0.13110145926475525,0.5898335576057434,0.48735812306404114,-0.22583700716495514,0.42219433188438416,0.478552907705307,-0.14392149448394775,0.5712165236473083,0.492000550031662,-0.26236724853515625,0.4102514386177063,0.47700235247612,-0.19005189836025238,0.5658501982688904,0.481869101524353,-0.2620672285556793,0.4158972203731537,0.46883460879325867,-0.19752059876918793,0.5684294104576111,0.47984644770622253,-0.22702741622924805,0.42220520973205566,0.4689302146434784,-0.15434661507606506,0.5675199627876282,0.524827241897583,-0.05729260295629501,0.49228954315185547,0.5174158215522766,0.057623304426670074,0.5573135614395142,0.5266079902648926,-0.4824044704437256,0.4187694787979126,0.4931805729866028,-0.3400844633579254,0.45285889506340027,0.6140246987342834,-0.5733091831207275,0.41583868861198425,0.5900220274925232,-0.4461820125579834,0.4444432556629181,0.6281282305717468,-0.5848299264907837,0.4328904449939728,0.6077658534049988,-0.4608907997608185,0.3971813917160034,0.6339537501335144,-0.7331075072288513,0.3649219870567322,0.6186698079109192,-0.5884351134300232
0.5099037289619446,0.4035588800907135,-0.07049602270126343,0.5174905061721802,0.3941012918949127,-0.05849989503622055,0.5229792594909668,0.3934735059738159,-0.058495424687862396,0.5292009711265564,0.39284083247184753,-0.05856647342443466,0.5042965412139893,0.3953172564506531,-0.04183797910809517,0.5002721548080444,0.3956787586212158,-0.041882310062646866,0.4965079426765442,0.3960324227809906,-0.041877880692481995,0.551270067691803,0.39465972781181335,0.03112921677529812,0.5025496482849121,0.3982992470264435,0.10950310528278351,0.5235050320625305,0.4112675189971924,-0.03615441545844078,0.508267879486084,0.41294944286346436,-0.013080772943794727,0.6124100685119629,0.43478697538375854,0.06708868592977524,0.4758380055427551,0.4370705187320709,0.1928381770849228,0.6351848244667053,0.4946456849575043,-0.055786535143852234,0.45055946707725525,0.4874247908592224,0.12279438972473145,0.5850359201431274,0.4904288649559021,-0.2420341670513153,0.4208793342113495,0.48136377334594727,-0.14463062584400177,0.5658262968063354,0.4953516125679016,-0.28134921193122864,0.4087398946285248,0.48132428526878357,-0.19327501952648163,0.5592840313911438,0.4852370023727417,-0.2814633250236511,0.41243380308151245,0.4734779894351959,-0.20339162647724152,0.5621070265769958,0.4828703999519348,-0.24381789565086365,0.4178526699542999,0.4730096459388733,-0.15634353458881378,0.5657593011856079,0.5251179933547974,-0.054921768605709076,0.4874962270259857,0.516566276550293,0.055294446647167206,0.5406702160835266,0.5376113057136536,-0.4971494674682617,0.41657376289367676,0.5028680562973022,-0.36018380522727966,0.42877745628356934,0.6172059178352356,-0.548855185508728,0.39859089255332947,0.5953702926635742,-0.42134881019592285,0.420259028673172,0.6300275325775146,-0.5554400682449341,0.41130614280700684,0.6119330525398254,-0.4304632544517517,0.3686850070953369,0.6369332075119019,-0.7051482200622559,0.3514111042022705,0.6230924129486084,-0.5589205026626587
0.5050585269927979,0.40456438064575195,-0.09347227215766907,0.5128934979438782,0.3953869640827179,-0.08104198426008224,0.5182780623435974,0.39490142464637756,-0.08104261755943298,0.5242069363594055,0.3943521976470947,-0.08111275732517242,0.49929195642471313,0.39653363823890686,-0.06591472774744034,0.4951939284801483,0.3969176709651947,-0.06595751643180847,0.4914030432701111,0.39728251099586487,-0.06596493721008301,0.5466158390045166,0.3964211046695709,0.00390990637242794,0.4979868233203888,0.399898886680603,0.08290692418813705,0.5183364748954773,0.4121798574924469,-0.0572081096470356,0.5028053522109985,0.4139690399169922,-0.036988209933042526,0.6104884147644043,0.43638843297958374,0.044425833970308304,0.471579372882843,0.4387561082839966,0.1677616685628891,0.6306419372558594,0.49823495745658875,-0.07594098150730133,0.45002782344818115,0.49162557721138,0.095399409532547,0.578421413898468,0.49439334869384766,-0.28216254711151123,0.42138808965682983,0.4840260148048401,-0.1815878301858902,0.5587318539619446,0.4987418055534363,-0.32258617877960205,0.406109094619751,0.4840026795864105,-0.23253227770328522,0.5533047318458557,0.4886614978313446,-0.3220832943916321,0.4079838693141937,0.47649022936820984,-0.24425464868545532,0.5568593144416809,0.48635318875312805,-0.2838917076587677,0.4143371880054474,0.4762268364429474,-0.19425512850284576,0.5620591044425964,0.5247560143470764,-0.05298411473631859,0.4820865988731384,0.5164180397987366,0.053371842950582504,0.5332775712013245,0.5440651774406433,-0.5008639693260193,0.41609570384025574,0.5096452236175537,-0.36602288484573364,0.4121340215206146,0.6211184859275818,-0.5353979468345642,0.37901800870895386,0.6015245318412781,-0.4055253267288208,0.4015209674835205,0.6330357789993286,-0.5411357879638672,0.38920584321022034,0.6180238127708435,-0.41334664821624756,0.3565017580986023,0.6410744190216064,-0.6957054734230042,0.330898642539978,0.6286576986312866,-0.5486454367637634
0.5031436085700989,0.40621712803840637,-0.09604921191930771,0.5110467672348022,0.3970302939414978,-0.08502153307199478,0.516339898109436,0.39667725563049316,-0.08502739667892456,0.5220974683761597,0.396271675825119,-0.08509260416030884,0.4965552091598511,0.39800500869750977,-0.06876646727323532,0.49193400144577026,0.39836829900741577,-0.06880652159452438,0.4876781702041626,0.39877453446388245,-0.06881672888994217,0.541900098323822,0.39832237362861633,0.0029548893216997385,0.49177253246307373,0.40168505907058716,0.07942397892475128,0.51547771692276,0.4137280285358429,-0.061983056366443634,0.49948593974113464,0.41562190651893616,-0.0395321361720562,0.6057237386703491,0.4378040134906769,0.04233476147055626,0.4675753116607666,0.44026318192481995,0.16399294137954712,0.6275663375854492,0.4980110824108124,-0.08445297181606293,0.4473553001880646,0.4929821193218231,0.09772550314664841,0.5716621279716492,0.49779924750328064,-0.2917732000350952,0.416624516248703,0.48758068680763245,-0.1828242689371109,0.5531700253486633,0.5031591057777405,-0.3345463275909424,0.40013542771339417,0.4900748133659363,-0.23650382459163666,0.5463283061981201,0.4940277636051178,-0.33429214358329773,0.4030417501926422,0.48205122351646423,-0.25286874175071716,0.5508145689964294,0.4911603629589081,-0.2942444086074829,0.4099040925502777,0.48128801584243774,-0.1977922022342682,0.5549554228782654,0.5253042578697205,-0.051835689693689346,0.47486287355422974,0.517552375793457,0.0522230826318264,0.5256109833717346,0.5470675826072693,-0.5048013925552368,0.4111798405647278,0.5191659331321716,-0.36251071095466614,0.3953324258327484,0.6224371194839478,-0.5516226291656494,0.362216591835022,0.6066805720329285,-0.40800410509109497,0.38361454010009766,0.6346134543418884,-0.5587757229804993,0.3700830042362213,0.6231637597084045,-0.41798511147499084,0.33870887756347656,0.6416940093040466,-0.7148489356040955,0.3131701350212097,0.6313831210136414,-0.5554008483886719
0.49365508556365967,0.40801504254341125,-0.16850537061691284,0.5018997192382812,0.3994751274585724,-0.16220282018184662,0.5078130960464478,0.39921289682388306,-0.16221940517425537,0.5134861469268799,0.39889997243881226,-0.16230380535125732,0.48714667558670044,0.3999587595462799,-0.14682529866695404,0.48298922181129456,0.4001350998878479,-0.14687936007976532,0.47935909032821655,0.4002602696418762,-0.1469014286994934,0.5320691466331482,0.40011927485466003,-0.09074128419160843,0.48516371846199036,0.40255048871040344,-0.015325214713811874,0.5063275098800659,0.4155617952346802,-0.13910499215126038,0.48994818329811096,0.41669538617134094,-0.11698845028877258,0.5975852608680725,0.4406418800354004,-0.043404512107372284,0.4612521827220917,0.44101187586784363,0.0704844743013382,0.6217348575592041,0.49975746870040894,-0.14826859533786774,0.4413317143917084,0.4947224259376526,0.035723116248846054,0.5625174641609192,0.5012138485908508,-0.33523106575012207,0.41045165061950684,0.49105069041252136,-0.1998334676027298,0.544058084487915,0.5075036287307739,-0.3790799379348755,0.39389505982398987,0.4954119026660919,-0.2511555254459381,0.5373088717460632,0.4986816942691803,-0.38248834013938904,0.3972589075565338,0.48602429032325745,-0.262892484664917,0.5422709584236145,0.49576181173324585,-0.3384113013744354,0.4041927456855774,0.484686017036438,-0.20998874306678772,0.5480484962463379,0.5250399708747864,-0.04642001539468765,0.46716445684432983,0.5181714296340942,0.04668687656521797,0.5173922181129456,0.5479316115379333,-0.449279248714447,0.40344563126564026,0.5297975540161133,-0.33383864164352417,0.3871055543422699,0.6238751411437988,-0.5280702114105225,0.34042248129844666,0.6097679138183594,-0.46568697690963745,0.37404125928878784,0.6371951699256897,-0.5363202095031738,0.3440670371055603,0.6281576156616211,-0.48274165391921997,0.3335852324962616,0.6399592757225037,-0.6771753430366516,0.2900923788547516,0.625705897808075,-0.5941688418388367
0.48579370975494385,0.4101240634918213,-0.3004893362522125,0.49408847093582153,0.40149879455566406,-0.29307353496551514,0.5005440711975098,0.40113943815231323,-0.29304036498069763,0.5065729022026062,0.4007689952850342,-0.29311496019363403,0.4790213704109192,0.4020272493362427,-0.2790535092353821,0.47486385703086853,0.4022084176540375,-0.2791465222835541,0.4714645743370056,0.4023168385028839,-0.27916252613067627,0.5236381888389587,0.40162450075149536,-0.2041102945804596,0.47674301266670227,0.40407857298851013,-0.1342509388923645,0.4988977015018463,0.41715946793556213,-0.2637843191623688,0.4820691645145416,0.4179863929748535,-0.24353937804698944,0.5892550945281982,0.44203951954841614,-0.12398146837949753,0.45331913232803345,0.4418436586856842,-0.027119526639580727,0.6142745018005371,0.5010741949081421,-0.23102785646915436,0.4305288791656494,0.4977000653743744,-0.07201971858739853,0.558295726776123,0.5032527446746826,-0.44238007068634033,0.3992518186569214,0.4955919086933136,-0.3192920386791229,0.5390549898147583,0.5108461976051331,-0.4913853406906128,0.3836567997932434,0.4995943009853363,-0.36873531341552734,0.5318605899810791,0.5018349289894104,-0.4940003454685211,0.38885822892189026,0.489801824092865,-0.3932121694087982,0.5366907715797424,0.4988867938518524,-0.44515785574913025,0.39533016085624695,0.4880851209163666,-0.33536845445632935,0.5419742465019226,0.5247271060943604,-0.04237090051174164,0.4600728154182434,0.5177432894706726,0.04258362948894501,0.509268045425415,0.5485247373580933,-0.4693148732185364,0.3989718556404114,0.5349811315536499,-0.311628520488739,0.39576759934425354,0.6258414387702942,-0.4900530278682709,0.31620410084724426,0.6089589595794678,-0.37669968605041504,0.38379645347595215,0.6384197473526001,-0.4943380653858185,0.3180205523967743,0.6271194219589233,-0.3886165916919708,0.35210707783699036,0.6464369893074036,-0.6490002274513245,0.25904902815818787,0.6253021955490112,-0.5207333564758301
0.48140689730644226,0.41305437684059143,-0.33410850167274475,0.4893128573894501,0.4044140577316284,-0.3244384527206421,0.4957785904407501,0.40416955947875977,-0.32441040873527527,0.5016958713531494,0.40381547808647156,-0.32448092103004456,0.47406432032585144,0.40459367632865906,-0.30964431166648865,0.46982720494270325,0.4046272039413452,-0.3097381293773651,0.4663727283477783,0.40455183386802673,-0.30974969267845154,0.5187228322029114,0.40401384234428406,-0.21919645369052887,0.4713026285171509,0.4058075249195099,-0.14632725715637207,0.49469220638275146,0.41984719038009644,-0.2910090386867523,0.47757458686828613,0.4202817976474762,-0.2701027989387512,0.584189772605896,0.44365617632865906,-0.12768130004405975,0.4487030804157257,0.44233381748199463,-0.0220625177025795,0.6123360991477966,0.5013570785522461,-0.23831939697265625,0.42712903022766113,0.49882176518440247,-0.06605269014835358,0.5562177896499634,0.5046778917312622,-0.46429306268692017,0.3966993987560272,0.4980623424053192,-0.32436203956604004,0.536887526512146,0.5128937363624573,-0.5184407234191895,0.3821544945240021,0.5028234124183655,-0.3755683898925781,0.5304104685783386,0.503654420375824,-0.5238101482391357,0.3869208097457886,0.4931179881095886,-0.40407001972198486,0.534329354763031,0.5005133748054504,-0.4682046175003052,0.3933488130569458,0.4909510612487793,-0.3421022295951843,0.5405604243278503,0.5250035524368286,-0.04165947437286377,0.45749151706695557,0.517988920211792,0.04189237207174301,0.5016351938247681,0.5495271682739258,-0.4897172152996063,0.3987582325935364,0.5370689630508423,-0.34196412563323975,0.40356913208961487,0.6335490345954895,-0.5078747868537903,0.3131416440010071,0.6198627352714539,-0.3949388861656189,0.3920194208621979,0.6476967334747314,-0.5157818794250488,0.3125767111778259,0.6336452960968018,-0.4084320366382599,0.36595696210861206,0.6539769768714905,-0.693805992603302,0.2526267170906067,0.6250321269035339,-0.5676705837249756
0.47431084513664246,0.4143018424510956,-0.3321254253387451,0.482999712228775,0.40526318550109863,-0.3226454257965088,0.48949727416038513,0.4051080346107483,-0.3226543366909027,0.4958063066005707,0.4047786593437195,-0.3227315843105316,0.4674176871776581,0.4054417610168457,-0.30765601992607117,0.4631460905075073,0.4054952561855316,-0.3077581524848938,0.4600042402744293,0.405475378036499,-0.3077724874019623,0.5128267407417297,0.4051322340965271,-0.2178095579147339,0.4645029902458191,0.40617191791534424,-0.14593881368637085,0.48750820755958557,0.4213162660598755,-0.2893725037574768,0.46979713439941406,0.4214611351490021,-0.2687647342681885,0.578223705291748,0.4449223577976227,-0.12954199314117432,0.44347283244132996,0.4428422451019287,-0.022839518263936043,0.6100674271583557,0.5020830631256104,-0.24713940918445587,0.4225894510746002,0.5009146928787231,-0.06282059848308563,0.5541622638702393,0.5058989524841309,-0.4823676645755768,0.39459818601608276,0.5012705326080322,-0.3245426416397095,0.536176860332489,0.5140973329544067,-0.53880774974823,0.3800220191478729,0.5059248805046082,-0.37761390209198,0.5287587642669678,0.5054597854614258,-0.5472391247749329,0.38564980030059814,0.49633440375328064,-0.40721771121025085,0.5318500399589539,0.5022162199020386,-0.487636536359787,0.3922916054725647,0.4944351613521576,-0.34302428364753723,0.538139283657074,0.5253859162330627,-0.039471887052059174,0.4552602469921112,0.519218385219574,0.039687447249889374,0.49324679374694824,0.5533212423324585,-0.4888800084590912,0.39789021015167236,0.5427883267402649,-0.35987231135368347,0.4064115285873413,0.6420978903770447,-0.5247889757156372,0.3124900162220001,0.6314831972122192,-0.45183131098747253,0.39182496070861816,0.6578443646430969,-0.5367225408554077,0.31453266739845276,0.6532756090164185,-0.46893444657325745,0.3713902235031128,0.6563538312911987,-0.7046266794204712,0.2671327590942383,0.6277993321418762,-0.6188018321990967
0.4662401080131531,0.4169195592403412,-0.3379582166671753,0.4752281606197357,0.40776780247688293,-0.334762305021286,0.4817127287387848,0.40767836570739746,-0.3346615731716156,0.4881114959716797,0.4074517488479614,-0.3347019851207733,0.4597094655036926,0.40763306617736816,-0.31960034370422363,0.45569947361946106,0.40755555033683777,-0.31965920329093933,0.452547162771225,0.40743669867515564,-0.31966257095336914,0.5050447583198547,0.40757206082344055,-0.2461228370666504,0.457256555557251,0.4075801372528076,-0.1718178242444992,0.47990894317626953,0.4236109256744385,-0.2995266020298004,0.4616531431674957,0.4233284294605255,-0.2780698835849762,0.5720402002334595,0.4464115798473358,-0.15318895876407623,0.437346875667572,0.44365623593330383,-0.053064487874507904,0.6073477268218994,0.5028494000434875,-0.2379225492477417,0.41642874479293823,0.5024774074554443,-0.08069583028554916,0.5500264167785645,0.5072731375694275,-0.44525015354156494,0.390028178691864,0.5027579069137573,-0.3148157000541687,0.5316927433013916,0.5166321992874146,-0.4967617392539978,0.3770942986011505,0.509297251701355,-0.3676359951496124,0.5238027572631836,0.5077460408210754,-0.5096922516822815,0.3840012848377228,0.500771164894104,-0.3955163061618805,0.526684582233429,0.5046195983886719,-0.45155665278434753,0.3903321921825409,0.49831831455230713,-0.3320181369781494,0.5321314930915833,0.5275672078132629,-0.03973924368619919,0.4483318030834198,0.5216197967529297,0.039970770478248596,0.48181354999542236,0.555024266242981,-0.4992692172527313,0.3845486342906952,0.5439637899398804,-0.3167223036289215,0.41145655512809753,0.6443825364112854,-0.4790749251842499,0.3163819909095764,0.6362747550010681,-0.3050002157688141,0.40021637082099915,0.6561124324798584,-0.48002341389656067,0.33008041977882385,0.6535428166389465,-0.310342937707901,0.3704855442047119,0.6728973388671875,-0.6601755023002625,0.26710376143455505,0.6654923558235168,-0.46100476384162903
0.4576185941696167,0.42162492871284485,-0.36200660467147827,0.4670983552932739,0.4124411940574646,-0.35951629281044006,0.4737269878387451,0.4120839536190033,-0.3594324588775635,0.4800757169723511,0.41155722737312317,-0.35948315262794495,0.45076602697372437,0.412424236536026,-0.34199658036231995,0.4469091296195984,0.41220057010650635,-0.34205424785614014,0.443630576133728,0.41193410754203796,-0.3420509397983551,0.49658218026161194,0.41098740696907043,-0.26599156856536865,0.44901207089424133,0.4114573001861572,-0.18059198558330536,0.4726592004299164,0.42800480127334595,-0.3211067318916321,0.453639954328537,0.42796558141708374,-0.2965778112411499,0.5646453499794006,0.4474320411682129,-0.17374740540981293,0.4317411184310913,0.4462299346923828,-0.04011499509215355,0.6026787757873535,0.503771185874939,-0.26236680150032043,0.41015419363975525,0.5030155181884766,-0.06288561224937439,0.5467063188552856,0.5092654228210449,-0.47604694962501526,0.38756775856018066,0.5043965578079224,-0.31581586599349976,0.5285702347755432,0.5188559889793396,-0.5323541760444641,0.37384524941444397,0.511208176612854,-0.3702166676521301,0.5212368965148926,0.5097720623016357,-0.5464045405387878,0.3805450201034546,0.5039752721786499,-0.4013146162033081,0.5235248804092407,0.5066743493080139,-0.482814759016037,0.3878454566001892,0.5017527341842651,-0.3348372280597687,0.5218944549560547,0.5312092900276184,-0.050734590739011765,0.44090405106544495,0.5248445868492126,0.050967711955308914,0.4654587209224701,0.5556923151016235,-0.5112617015838623,0.3609045445919037,0.543478786945343,-0.30430102348327637,0.4086521863937378,0.6478901505470276,-0.48069190979003906,0.31447285413742065,0.6383904814720154,-0.3055679500102997,0.40110623836517334,0.6620849967002869,-0.4871150255203247,0.3291488587856293,0.6565234661102295,-0.31266701221466064,0.3599051237106323,0.675287127494812,-0.6754700541496277,0.2580293118953705,0.6650243997573853,-0.46277132630348206
0.45144692063331604,0.4273513853549957,-0.3322312831878662,0.46024295687675476,0.41828280687332153,-0.32916373014450073,0.46692076325416565,0.41742274165153503,-0.3290787637233734,0.4733974039554596,0.4164196848869324,-0.32911965250968933,0.44398432970046997,0.4187085032463074,-0.3128567934036255,0.4399658441543579,0.41838338971138,-0.3129159212112427,0.43664178252220154,0.41806432604789734,-0.31290802359580994,0.4902954399585724,0.4151404798030853,-0.23930837213993073,0.4410577714443207,0.4179052412509918,-0.16055414080619812,0.4670386016368866,0.43391066789627075,-0.29309096932411194,0.4478108584880829,0.43494224548339844,-0.27050718665122986,0.5600059032440186,0.4516189694404602,-0.15299400687217712,0.4260566234588623,0.450725257396698,-0.03052701987326145,0.5996267795562744,0.5085852146148682,-0.24363523721694946,0.40030285716056824,0.5046813488006592,-0.0569908432662487,0.5429487824440002,0.5130131244659424,-0.4474388062953949,0.3815169036388397,0.509364902973175,-0.30190983414649963,0.525705099105835,0.5221771001815796,-0.4986480474472046,0.37163683772087097,0.5163254141807556,-0.35381627082824707,0.5182403326034546,0.5129304528236389,-0.5069007873535156,0.37828895449638367,0.5091935396194458,-0.37940749526023865,0.5204654932022095,0.5099169015884399,-0.4513486623764038,0.3850410580635071,0.5070191621780396,-0.3185688853263855,0.5158782005310059,0.536256730556488,-0.051173146814107895,0.434322327375412,0.5297057032585144,0.051411304622888565,0.46412819623947144,0.5555509924888611,-0.5047862529754639,0.360484778881073,0.5419747829437256,-0.3151066303253174,0.40636706352233887,0.6482934951782227,-0.500552773475647,0.31106603145599365,0.6392779350280762,-0.3353863060474396,0.40273910760879517,0.664842963218689,-0.5054259896278381,0.3244756758213043,0.657689094543457,-0.3431134521961212,0.3630433678627014,0.6766538023948669,-0.6821250915527344,0.25887903571128845,0.6582565903663635,-0.4856243431568146
0.4439114034175873,0.432357519865036,-0.20763926208019257,0.4524744153022766,0.42344948649406433,-0.20528371632099152,0.459311842918396,0.4225637912750244,-0.20519228279590607,0.465952068567276,0.42141857743263245,-0.20521490275859833,0.43658292293548584,0.4240654706954956,-0.18828631937503815,0.4328175485134125,0.4238746762275696,-0.18829524517059326,0.4296707510948181,0.4237174689769745,-0.18828515708446503,0.4834415018558502,0.4196584224700928,-0.1323154866695404,0.43464264273643494,0.4238432049751282,-0.04830866679549217,0.460135281085968,0.4391702711582184,-0.17529001832008362,0.4413726031780243,0.4404730796813965,-0.15136806666851044,0.5549298524856567,0.45548325777053833,-0.0651404932141304,0.41955307126045227,0.4557725191116333,0.04966171085834503,0.594853401184082,0.5128911137580872,-0.1587117612361908,0.39664512872695923,0.5095392465591431,0.014995542354881763,0.5389808416366577,0.5144888162612915,-0.3444194495677948,0.37932243943214417,0.5128659009933472,-0.2081461101770401,0.5221917033195496,0.5245888829231262,-0.3894616365432739,0.37081268429756165,0.5199183225631714,-0.2564791142940521,0.513851523399353,0.5156545639038086,-0.3948163092136383,0.3782255947589874,0.5127977132797241,-0.2791815400123596,0.5159297585487366,0.512322187423706,-0.3471860885620117,0.3847180902957916,0.5103468298912048,-0.22325973212718964,0.5113423466682434,0.54118412733078,-0.05133793503046036,0.42817792296409607,0.5350003838539124,0.0516018308699131,0.4581354856491089,0.5532056093215942,-0.5022722482681274,0.36127638816833496,0.5380657315254211,-0.31333601474761963,0.40551385283470154,0.6504133939743042,-0.5263570547103882,0.3226400315761566,0.638712465763092,-0.3471985161304474,0.4038013219833374,0.6672651171684265,-0.5332342386245728,0.3309191167354584,0.6574005484580994,-0.35570788383483887,0.3574697971343994,0.6818037033081055,-0.6904546618461609,0.2652878761291504,0.6599146127700806,-0.49475398659706116
0.437520831823349,0.4380834400653839,-0.20652703940868378,0.44445502758026123,0.4285583794116974,-0.2068903148174286,0.4513690173625946,0.42777183651924133,-0.20679016411304474,0.45800209045410156,0.4266565442085266,-0.2068391591310501,0.4280799925327301,0.42932090163230896,-0.18889513611793518,0.4243678152561188,0.4291332960128784,-0.18889494240283966,0.42105063796043396,0.4289209544658661,-0.18886953592300415,0.4756164848804474,0.42352426052093506,-0.13910339772701263,0.4256618022918701,0.4285941421985626,-0.050607845187187195,0.45365920662879944,0.44500187039375305,-0.1763356328010559,0.4357221722602844,0.4466761648654938,-0.15058575570583344,0.5513399243354797,0.4597454071044922,-0.071616031229496,0.413644939661026,0.4599883556365967,0.05267326906323433,0.5909708142280579,0.5175267457962036,-0.1616780310869217,0.3986375033855438,0.5139344334602356,0.018473481759428978,0.5346287488937378,0.5164831876754761,-0.323105126619339,0.3754408359527588,0.517286479473114,-0.20011219382286072,0.5167684555053711,0.5272830724716187,-0.3642583191394806,0.36954036355018616,0.5231571793556213,-0.2459368258714676,0.5080128312110901,0.5179606676101685,-0.36853569746017456,0.37791192531585693,0.5154505968093872,-0.26939287781715393,0.5109965801239014,0.5142706632614136,-0.3247702419757843,0.38319000601768494,0.5132930278778076,-0.2153313010931015,0.5089206099510193,0.5453674793243408,-0.06044124439358711,0.4246365427970886,0.5393673181533813,0.06068352609872818,0.4506424069404602,0.5510599613189697,-0.4877995550632477,0.3575786352157593,0.535712480545044,-0.25295501947402954,0.40603137016296387,0.6515920162200928,-0.5219241976737976,0.32638731598854065,0.6382243037223816,-0.30901747941970825,0.40392979979515076,0.6675128936767578,-0.5278735160827637,0.3355623185634613,0.656962513923645,-0.31769028306007385,0.3518277406692505,0.6857179403305054,-0.6749739050865173,0.2671526074409485,0.6650663018226624,-0.4248359799385071
0.43043187260627747,0.44205719232559204,-0.2690432667732239,0.43731334805488586,0.4321381449699402,-0.2770730257034302,0.44445565342903137,0.4313126504421234,-0.276917040348053,0.4512239396572113,0.43012291193008423,-0.27697956562042236,0.4208660125732422,0.43284350633621216,-0.2564466595649719,0.4171845316886902,0.43259263038635254,-0.2564314007759094,0.4135149121284485,0.4322742223739624,-0.25636667013168335,0.46925029158592224,0.4264519512653351,-0.2218223512172699,0.4183007478713989,0.4309481680393219,-0.12151172012090683,0.44642239809036255,0.4488636553287506,-0.24154672026634216,0.4283125400543213,0.44990941882133484,-0.21217714250087738,0.5448523759841919,0.46365630626678467,-0.14652962982654572,0.40977153182029724,0.45938438177108765,0.003074750304222107,0.5866763591766357,0.5209580063819885,-0.22074741125106812,0.39458727836608887,0.5114597678184509,0.0006914248806424439,0.5287023782730103,0.5172768831253052,-0.3547937273979187,0.3709818124771118,0.5174494981765747,-0.2201932668685913,0.5109001398086548,0.5274344086647034,-0.396146684885025,0.36853188276290894,0.5224102139472961,-0.2631186544895172,0.5016162991523743,0.5182749032974243,-0.3983171880245209,0.37686416506767273,0.5162934064865112,-0.28639885783195496,0.5046452879905701,0.5144632458686829,-0.3563436269760132,0.38111525774002075,0.5145116448402405,-0.23533028364181519,0.5038043856620789,0.5466891527175903,-0.06850530207157135,0.42056533694267273,0.5391116142272949,0.06868915259838104,0.44332343339920044,0.5503363013267517,-0.47710147500038147,0.34592705965042114,0.5387166142463684,-0.21924693882465363,0.4047783613204956,0.6550697684288025,-0.48839032649993896,0.3269495666027069,0.640616774559021,-0.22771091759204865,0.4068146049976349,0.670261025428772,-0.48993271589279175,0.33747535943984985,0.6593474745750427,-0.23118960857391357,0.35005828738212585,0.6900300979614258,-0.6209876537322998,0.26561006903648376,0.666216254234314,-0.3253583014011383
0.4241880178451538,0.4438951015472412,-0.22353914380073547,0.43119868636131287,0.43402379751205444,-0.22836482524871826,0.4381335377693176,0.4332141578197479,-0.22824794054031372,0.44456982612609863,0.43199262022972107,-0.22833584249019623,0.4158758819103241,0.434615820646286,-0.20684868097305298,0.4119988679885864,0.43430593609809875,-0.2068202793598175,0.40811511874198914,0.4339398741722107,-0.20676252245903015,0.4623217284679413,0.42837974429130554,-0.17537921667099,0.4135608375072479,0.4327594041824341,-0.06365381926298141,0.4389188289642334,0.45079222321510315,-0.19487477838993073,0.42211276292800903,0.45181602239608765,-0.1645950824022293,0.5409306287765503,0.4661369025707245,-0.12405385076999664,0.4070791006088257,0.46136850118637085,0.06175912544131279,0.5838481187820435,0.5230802893638611,-0.2053413838148117,0.39371630549430847,0.5134658813476562,0.05737558752298355,0.5223165154457092,0.5185561180114746,-0.34339019656181335,0.3685196042060852,0.5183800458908081,-0.15507067739963531,0.5031065344810486,0.5283178687095642,-0.3834536373615265,0.36250317096710205,0.5234249234199524,-0.19514894485473633,0.49455884099006653,0.519507646560669,-0.38148802518844604,0.3714761435985565,0.5182168483734131,-0.2215321660041809,0.49827438592910767,0.5154716968536377,-0.34217533469200134,0.3772633373737335,0.5167194604873657,-0.17173992097377777,0.49880513548851013,0.5533673763275146,-0.07379899173974991,0.4181814193725586,0.5449818968772888,0.07402259111404419,0.4371419847011566,0.5509219765663147,-0.4772051274776459,0.3398623764514923,0.5395869016647339,-0.22755888104438782,0.40268364548683167,0.6580160856246948,-0.4927578270435333,0.3262706696987152,0.6429126858711243,-0.24131055176258087,0.40768706798553467,0.6730412840843201,-0.4957219362258911,0.33847957849502563,0.661759614944458,-0.24534621834754944,0.35054469108581543,0.6878588199615479,-0.6330119967460632,0.2654855251312256,0.6710709929466248,-0.3450251519680023
0.4180465638637543,0.4463061988353729,-0.2070418745279312,0.424643337726593,0.4370518624782562,-0.21291141211986542,0.4310336410999298,0.43591976165771484,-0.2127833366394043,0.4373142719268799,0.43441781401634216,-0.21284595131874084,0.410393625497818,0.4378032684326172,-0.19050943851470947,0.40651339292526245,0.43749096989631653,-0.19049276411533356,0.40287578105926514,0.4371076822280884,-0.19043998420238495,0.4563274085521698,0.42969512939453125,-0.16008000075817108,0.4109490215778351,0.43522584438323975,-0.046164464205503464,0.43326708674430847,0.4526636600494385,-0.1786639541387558,0.416957288980484,0.4537755846977234,-0.1472041755914688,0.5372122526168823,0.46716904640197754,-0.09970509260892868,0.4023422300815582,0.46221426129341125,0.07592565566301346,0.5792080760002136,0.5235437154769897,-0.1762494146823883,0.38834625482559204,0.5156205892562866,0.049135878682136536,0.5127646327018738,0.5202556252479553,-0.3112030327320099,0.3645646572113037,0.5174908638000488,-0.1825369894504547,0.4914436638355255,0.5291956663131714,-0.34972327947616577,0.361527681350708,0.521961510181427,-0.2270638644695282,0.4818805456161499,0.5207356214523315,-0.347186803817749,0.3714696168899536,0.5164318084716797,-0.2511940896511078,0.4873768091201782,0.5167832970619202,-0.30922064185142517,0.3755836486816406,0.5147343277931213,-0.19853857159614563,0.49450236558914185,0.5561598539352417,-0.07758206874132156,0.4154414236545563,0.5473181009292603,0.07773291319608688,0.43264856934547424,0.5522904992103577,-0.47897791862487793,0.342731773853302,0.5420354008674622,-0.22555719316005707,0.40259090065956116,0.661231279373169,-0.4926132261753082,0.32682955265045166,0.6459755897521973,-0.22624143958091736,0.40852856636047363,0.6761773824691772,-0.49498820304870605,0.339872270822525,0.6639214158058167,-0.22956344485282898,0.34927040338516235,0.6936662197113037,-0.6332008838653564,0.26219576597213745,0.6775853633880615,-0.33141472935676575
0.4195905923843384,0.44415339827537537,-0.23694077134132385,0.4271472990512848,0.43369463086128235,-0.24166952073574066,0.43412598967552185,0.43261954188346863,-0.2415035218000412,0.4407510757446289,0.4313262104988098,-0.24153083562850952,0.4101925790309906,0.43491050601005554,-0.21795110404491425,0.40593719482421875,0.43489307165145874,-0.21794579923152924,0.40195170044898987,0.43473637104034424,-0.21788127720355988,0.4583759307861328,0.42829233407974243,-0.17895156145095825,0.40654370188713074,0.4340044856071472,-0.06242268159985542,0.4352819323539734,0.45025011897087097,-0.207427978515625,0.41669896245002747,0.4512025713920593,-0.17377063632011414,0.5356727838516235,0.46819350123405457,-0.11243265867233276,0.3977213203907013,0.46434614062309265,0.06570256501436234,0.5748296976089478,0.5257968902587891,-0.20664644241333008,0.37865298986434937,0.5203729867935181,0.008656375110149384,0.5039054751396179,0.5236140489578247,-0.3502327799797058,0.35517123341560364,0.519213080406189,-0.25371426343917847,0.4800299406051636,0.5314421057701111,-0.3903428912162781,0.3556477427482605,0.5226457715034485,-0.30219176411628723,0.4706084132194519,0.5231330394744873,-0.37766119837760925,0.36535799503326416,0.5169836282730103,-0.32249778509140015,0.4772806465625763,0.5196500420570374,-0.3438767194747925,0.3686056435108185,0.5152562260627747,-0.26842162013053894,0.4922008514404297,0.5597082376480103,-0.07580645382404327,0.4145224392414093,0.551486611366272,0.07593636959791183,0.4352889657020569,0.5531205534934998,-0.4959735572338104,0.3398994207382202,0.5436318516731262,-0.24368537962436676,0.40377604961395264,0.6639077663421631,-0.46822884678840637,0.32634079456329346,0.6498045325279236,-0.2118666023015976,0.41039416193962097,0.6781941056251526,-0.4657169580459595,0.34051308035850525,0.6662694215774536,-0.2119278907775879,0.35122600197792053,0.7002865672111511,-0.6084951162338257,0.26421013474464417,0.6842055916786194,-0.32332083582878113
0.41646769642829895,0.4418797492980957,-0.23211723566055298,0.4226697087287903,0.43136805295944214,-0.23646381497383118,0.4295850694179535,0.43039554357528687,-0.2363021820783615,0.4364134967327118,0.42918160557746887,-0.23632663488388062,0.40775689482688904,0.432464599609375,-0.21165616810321808,0.4042801260948181,0.43250125646591187,-0.2116788625717163,0.40109729766845703,0.43240562081336975,-0.2116367667913437,0.4555635452270508,0.42667973041534424,-0.17670971155166626,0.40814009308815,0.43169552087783813,-0.05711136385798454,0.43318063020706177,0.44844838976860046,-0.20354507863521576,0.41561299562454224,0.44908416271209717,-0.16967135667800903,0.536008894443512,0.4686718285083771,-0.1106104627251625,0.3968346118927002,0.46463650465011597,0.06487315148115158,0.5698419213294983,0.527806282043457,-0.220747172832489,0.3768694996833801,0.5210027694702148,0.0030023863073438406,0.4917527139186859,0.5261697173118591,-0.3776435852050781,0.3529024124145508,0.5200753808021545,-0.2794363498687744,0.46743595600128174,0.5328025817871094,-0.4219330847263336,0.34896254539489746,0.5235986113548279,-0.3325839340686798,0.45645901560783386,0.5245448350906372,-0.4135100245475769,0.35901200771331787,0.5175004601478577,-0.35087454319000244,0.4628376364707947,0.521845817565918,-0.3734550476074219,0.36261895298957825,0.5157804489135742,-0.29426899552345276,0.4915134310722351,0.5626604557037354,-0.07617590576410294,0.41330909729003906,0.5530956983566284,0.07629819214344025,0.4329168200492859,0.5548382997512817,-0.5162957906723022,0.33620330691337585,0.5441862344741821,-0.2565704584121704,0.4037308990955353,0.6658738851547241,-0.47829779982566833,0.3251904249191284,0.6534901857376099,-0.2430107742547989,0.4111150801181793,0.679673969745636,-0.4783360958099365,0.3407476544380188,0.668580174446106,-0.2449319064617157,0.3513794243335724,0.7030413150787354,-0.6239492893218994,0.2640964686870575,0.6898216009140015,-0.36599844694137573
0.41481438279151917,0.43994030356407166,-0.27879297733306885,0.42196694016456604,0.42961472272872925,-0.2789249122142792,0.42912352085113525,0.4287336468696594,-0.27877700328826904,0.4360657036304474,0.42759665846824646,-0.2788091003894806,0.4056040644645691,0.4305652678012848,-0.2549629509449005,0.4018111526966095,0.43055734038352966,-0.2550235986709595,0.3985038995742798,0.4304408133029938,-0.2550028860569,0.4535781443119049,0.4253370463848114,-0.20224906504154205,0.40400901436805725,0.4298751950263977,-0.08702289313077927,0.43060967326164246,0.4467352330684662,-0.24504689872264862,0.4127986431121826,0.44751182198524475,-0.2125248908996582,0.5336099863052368,0.46892696619033813,-0.14073918759822845,0.3947826623916626,0.4646510183811188,0.05672816187143326,0.5635607242584229,0.5302576422691345,-0.2582641839981079,0.3770197033882141,0.5213384032249451,-0.008589896373450756,0.48177552223205566,0.5268679857254028,-0.4309386909008026,0.35619300603866577,0.5208926200866699,-0.29462993144989014,0.4570465385913849,0.5329422950744629,-0.4792308509349823,0.34526005387306213,0.5251184701919556,-0.3483012914657593,0.44675952196121216,0.5245839357376099,-0.47248509526252747,0.3524848520755768,0.5195093154907227,-0.36723795533180237,0.4519411027431488,0.5221105813980103,-0.42775633931159973,0.35878095030784607,0.5178297758102417,-0.3099695146083832,0.49109700322151184,0.5630719661712646,-0.07942184060811996,0.4116077423095703,0.5549750924110413,0.07953125238418579,0.42866629362106323,0.5544764995574951,-0.5324004888534546,0.33000361919403076,0.5454064011573792,-0.27359357476234436,0.40208595991134644,0.6662294864654541,-0.46367084980010986,0.3254402279853821,0.6544154286384583,-0.21760539710521698,0.4114633798599243,0.6794242262840271,-0.4576019048690796,0.3417871594429016,0.6694645285606384,-0.21532006561756134,0.3510587811470032,0.7028744220733643,-0.6106246113777161,0.2655433416366577,0.6919661164283752,-0.3471806049346924
0.4176982641220093,0.4394213557243347,-0.266368567943573,0.4257808029651642,0.4290948510169983,-0.2682451009750366,0.4330756366252899,0.428257018327713,-0.2680189907550812,0.4394720196723938,0.42716801166534424,-0.26804110407829285,0.4076913595199585,0.4299824833869934,-0.24000413715839386,0.40325289964675903,0.42998212575912476,-0.24006155133247375,0.3997289538383484,0.4299052655696869,-0.24003858864307404,0.45720145106315613,0.4253743588924408,-0.19361768662929535,0.40345802903175354,0.4297775328159332,-0.07762353122234344,0.43314510583877563,0.4463290274143219,-0.2433379888534546,0.41404733061790466,0.44767487049102783,-0.20247606933116913,0.5343578457832336,0.47232308983802795,-0.134459987282753,0.3956241309642792,0.46708056330680847,0.057553309947252274,0.5606449246406555,0.536460280418396,-0.24009525775909424,0.3776610195636749,0.5270304679870605,0.01013433001935482,0.47664469480514526,0.5290466547012329,-0.39872676134109497,0.3561485707759857,0.5237841606140137,-0.24991300702095032,0.4511142075061798,0.534389317035675,-0.4360891580581665,0.3427254557609558,0.5283358097076416,-0.2980484068393707,0.4421856999397278,0.5262323021888733,-0.42342501878738403,0.3485630452632904,0.523034393787384,-0.3155878186225891,0.4475059509277344,0.523756742477417,-0.38982945680618286,0.3557523488998413,0.5214067697525024,-0.2649187445640564,0.49191829562187195,0.5658280253410339,-0.07973141968250275,0.4102858603000641,0.5594046115875244,0.07982929795980453,0.4319026470184326,0.5554062724113464,-0.5062052607536316,0.32242047786712646,0.5467463731765747,-0.2369339019060135,0.40254881978034973,0.6667888760566711,-0.4250190854072571,0.3263481855392456,0.6554263234138489,-0.1793544739484787,0.41226184368133545,0.6793205738067627,-0.4179549515247345,0.3466494381427765,0.6706971526145935,-0.17746129631996155,0.35150596499443054,0.7045800089836121,-0.5557229518890381,0.26685312390327454,0.6949114799499512,-0.29110682010650635
0.41811737418174744,0.43907928466796875,-0.25981342792510986,0.42615893483161926,0.42868900299072266,-0.2678539752960205,0.4336307942867279,0.4278142750263214,-0.2677132785320282,0.4400704503059387,0.42673489451408386,-0.2677396237850189,0.40761101245880127,0.4295259416103363,-0.23208878934383392,0.40298962593078613,0.4295327365398407,-0.23213794827461243,0.39970603585243225,0.42949768900871277,-0.23210389912128448,0.45889812707901,0.42522430419921875,-0.1887596845626831,0.40337762236595154,0.42945510149002075,-0.06669945269823074,0.43361830711364746,0.44609153270721436,-0.24057789146900177,0.41426312923431396,0.44798919558525085,-0.19225835800170898,0.5350181460380554,0.4730428159236908,-0.14234894514083862,0.3945339322090149,0.4685136675834656,0.07333793491125107,0.559196412563324,0.5405405759811401,-0.24758386611938477,0.3751496970653534,0.5297717452049255,0.0350075364112854,0.4684756398200989,0.5299782156944275,-0.3931475877761841,0.35117462277412415,0.5243985652923584,-0.22886137664318085,0.43965017795562744,0.5357648134231567,-0.43374988436698914,0.33395683765411377,0.5287430882453918,-0.27528131008148193,0.43357741832733154,0.5278081893920898,-0.4216897487640381,0.34071022272109985,0.5239687561988831,-0.2942650318145752,0.438414603471756,0.5248302817344666,-0.3888428509235382,0.34902113676071167,0.5226210355758667,-0.24449540674686432,0.49413397908210754,0.5692736506462097,-0.08291294425725937,0.41058212518692017,0.5639761090278625,0.0829918161034584,0.4360685348510742,0.556171178817749,-0.5214135646820068,0.3164091408252716,0.548008918762207,-0.24041253328323364,0.4043147563934326,0.6670436859130859,-0.4340169131755829,0.3298509120941162,0.6556553840637207,-0.1742369830608368,0.4165956377983093,0.6797447204589844,-0.42534270882606506,0.35296913981437683,0.6718888878822327,-0.17085516452789307,0.3519457280635834,0.7063305377960205,-0.5666050314903259,0.26842719316482544,0.6938355565071106,-0.2877054214477539
0.4185141623020172,0.43864601850509644,-0.23280450701713562,0.42735588550567627,0.4283442497253418,-0.23812246322631836,0.43456557393074036,0.42746737599372864,-0.23796944320201874,0.44086962938308716,0.42637306451797485,-0.23800258338451385,0.40880629420280457,0.42915087938308716,-0.20910385251045227,0.4039473831653595,0.42913877964019775,-0.2091306746006012,0.40024662017822266,0.4290781021118164,-0.20910324156284332,0.4596928060054779,0.4248788058757782,-0.17757456004619598,0.40365874767303467,0.42900538444519043,-0.05170735716819763,0.4338138997554779,0.44561609625816345,-0.2091049998998642,0.41473692655563354,0.44745737314224243,-0.16929307579994202,0.5336538553237915,0.4727169871330261,-0.13466592133045197,0.3923645317554474,0.46862125396728516,0.0769822895526886,0.5524725914001465,0.543613612651825,-0.23694448173046112,0.36424416303634644,0.5298169255256653,0.03405195102095604,0.46090808510780334,0.5299546122550964,-0.36281657218933105,0.344171404838562,0.5250327587127686,-0.22264255583286285,0.4292873442173004,0.535796582698822,-0.40076008439064026,0.32662421464920044,0.5279852151870728,-0.2688716948032379,0.4243002235889435,0.5280072689056396,-0.39133313298225403,0.33551299571990967,0.5233408212661743,-0.28464582562446594,0.4284305274486542,0.5248218178749084,-0.3571254312992096,0.3442767262458801,0.5224542021751404,-0.2366652935743332,0.491951584815979,0.5714963674545288,-0.08078707009553909,0.40781304240226746,0.5665625929832458,0.08087024092674255,0.43651142716407776,0.5565358400344849,-0.5153099894523621,0.3118678331375122,0.5488607883453369,-0.2410174161195755,0.40580078959465027,0.6650357842445374,-0.3991665542125702,0.33008888363838196,0.6553881764411926,-0.16498054563999176,0.41801953315734863,0.6784462332725525,-0.38712605834007263,0.35409337282180786,0.6724309921264648,-0.15958815813064575,0.3520228862762451,0.7067225575447083,-0.5202101469039917,0.2698204517364502,0.6936548948287964,-0.2717626094818115
0.4189034700393677,0.4377646744251251,-0.22851118445396423,0.4277328550815582,0.42776498198509216,-0.23245513439178467,0.4345598518848419,0.42700278759002686,-0.23231297731399536,0.44096431136131287,0.42595624923706055,-0.23234811425209045,0.4103548526763916,0.42847496271133423,-0.20603778958320618,0.4056611657142639,0.4285169839859009,-0.20608144998550415,0.4019012153148651,0.4285859763622284,-0.2060694545507431,0.4606079161167145,0.42460423707962036,-0.176417738199234,0.40611597895622253,0.42891770601272583,-0.053630147129297256,0.4340129494667053,0.4450860023498535,-0.2037115842103958,0.41582924127578735,0.44739484786987305,-0.167350172996521,0.5330035090446472,0.4723392128944397,-0.13694342970848083,0.3903590142726898,0.46835607290267944,0.07061368227005005,0.5452526211738586,0.5439265370368958,-0.2348622828722,0.35976067185401917,0.5284184217453003,0.030053116381168365,0.4502381384372711,0.5290432572364807,-0.350551575422287,0.33851271867752075,0.5254123210906982,-0.22668686509132385,0.42150357365608215,0.535944402217865,-0.38703903555870056,0.32166722416877747,0.5279203057289124,-0.2741413712501526,0.41311004757881165,0.5285300612449646,-0.378508061170578,0.3311019241809845,0.5233311057090759,-0.2927559018135071,0.41686004400253296,0.5252158641815186,-0.34500423073768616,0.3400173485279083,0.5226309895515442,-0.242139533162117,0.49132636189460754,0.5716553330421448,-0.07940485328435898,0.40594300627708435,0.5664311647415161,0.07940146327018738,0.43781283497810364,0.5573497414588928,-0.5123457908630371,0.3109389841556549,0.5491195321083069,-0.24975362420082092,0.4064866304397583,0.6649028062820435,-0.3810816705226898,0.3304502069950104,0.6562077403068542,-0.16825029253959656,0.4187638461589813,0.6795265078544617,-0.3681893050670624,0.3539029657840729,0.67251056432724,-0.1615018993616104,0.352632075548172,0.7076917290687561,-0.5057085752487183,0.27477359771728516,0.6948279142379761,-0.2791578769683838
0.4201585650444031,0.43767112493515015,-0.2153913527727127,0.42879366874694824,0.42761388421058655,-0.2196306437253952,0.43562638759613037,0.42681601643562317,-0.21947570145130157,0.441895991563797,0.4257618188858032,-0.21949605643749237,0.4115191698074341,0.42840951681137085,-0.1943265199661255,0.4069047272205353,0.42846229672431946,-0.1943751573562622,0.40327414870262146,0.4284754693508148,-0.1943698525428772,0.46136462688446045,0.4249791204929352,-0.16854338347911835,0.4076536297798157,0.4286483824253082,-0.048349153250455856,0.43506747484207153,0.44483667612075806,-0.19126546382904053,0.41703248023986816,0.4470042288303375,-0.15677280724048615,0.5339237451553345,0.4733522832393646,-0.13583916425704956,0.38962844014167786,0.4688169062137604,0.06796184182167053,0.5422340631484985,0.5458905696868896,-0.2321903109550476,0.35443007946014404,0.5270501971244812,0.022668899968266487,0.4484651982784271,0.5299675464630127,-0.3327287435531616,0.3358590304851532,0.5250833034515381,-0.23103906214237213,0.4201148748397827,0.5375680923461914,-0.367279589176178,0.31988969445228577,0.5283785462379456,-0.27804601192474365,0.4115530848503113,0.5307155251502991,-0.35978758335113525,0.3308734595775604,0.5237722992897034,-0.29647672176361084,0.4151427149772644,0.5270334482192993,-0.3272209167480469,0.339808851480484,0.5230066776275635,-0.24233825504779816,0.49262818694114685,0.573308527469635,-0.0789654403924942,0.4065936803817749,0.568202793598175,0.07904225587844849,0.4377184212207794,0.5569103360176086,-0.4987447261810303,0.3108646273612976,0.5493348240852356,-0.251685231924057,0.40744125843048096,0.6656696796417236,-0.3915858566761017,0.3325933516025543,0.6574097275733948,-0.18772068619728088,0.4208203852176666,0.6810277104377747,-0.3809188902378082,0.3547295331954956,0.6738989949226379,-0.18375341594219208,0.3537408411502838,0.7088329195976257,-0.5122262239456177,0.27744725346565247,0.6956900954246521,-0.297985315322876
0.42080289125442505,0.4370003044605255,-0.21750183403491974,0.4289924204349518,0.42727190256118774,-0.22099079191684723,0.43570834398269653,0.4265621602535248,-0.22083911299705505,0.4426310062408447,0.42566540837287903,-0.22085003554821014,0.41220471262931824,0.4277849793434143,-0.19703689217567444,0.40760040283203125,0.42768871784210205,-0.19708369672298431,0.40382346510887146,0.42763349413871765,-0.19707952439785004,0.46376198530197144,0.42511671781539917,-0.16894474625587463,0.4080292582511902,0.4284130930900574,-0.052000656723976135,0.4359124004840851,0.44460955262184143,-0.1932387501001358,0.4177624583244324,0.4465651512145996,-0.16042888164520264,0.5347306132316589,0.47434157133102417,-0.14391006529331207,0.38853177428245544,0.4687954783439636,0.05655214190483093,0.5384265780448914,0.5469086170196533,-0.23326827585697174,0.3474987745285034,0.5261687636375427,0.009480644017457962,0.4419020712375641,0.5299463272094727,-0.32640689611434937,0.33156922459602356,0.5257778763771057,-0.2327107936143875,0.41621655225753784,0.5382198095321655,-0.36048004031181335,0.31707847118377686,0.5299248099327087,-0.2789296507835388,0.4057066738605499,0.5313127636909485,-0.3532359302043915,0.32945895195007324,0.5258314609527588,-0.29394465684890747,0.40939396619796753,0.5273099541664124,-0.3208610415458679,0.33786362409591675,0.5248587131500244,-0.2447158694267273,0.49342650175094604,0.5746896266937256,-0.07694883644580841,0.4063476622104645,0.5698059797286987,0.07694842666387558,0.4384746253490448,0.5572834014892578,-0.4461997151374817,0.31240519881248474,0.5504012703895569,-0.22679457068443298,0.40909287333488464,0.6653391718864441,-0.35631075501441956,0.33490097522735596,0.658180296421051,-0.16470672190189362,0.42314302921295166,0.680861234664917,-0.34749796986579895,0.35503238439559937,0.6738886833190918,-0.16108158230781555,0.3576849699020386,0.7088360786437988,-0.4732566177845001,0.27951720356941223,0.6955784559249878,-0.26439738273620605
0.42128676176071167,0.43693116307258606,-0.21958942711353302,0.4298841953277588,0.427162766456604,-0.22404462099075317,0.43627864122390747,0.42652225494384766,-0.22381536662578583,0.4439418315887451,0.42579689621925354,-0.22377018630504608,0.414583295583725,0.42772364616394043,-0.1986238807439804,0.4098801016807556,0.4276250898838043,-0.19862012565135956,0.40611496567726135,0.4274384081363678,-0.1985989511013031,0.46670401096343994,0.4264199733734131,-0.17355774343013763,0.4131917655467987,0.4283323884010315,-0.05416262149810791,0.436409592628479,0.4446137845516205,-0.19757544994354248,0.4179702401161194,0.446391761302948,-0.1614527702331543,0.5352643728256226,0.4756578803062439,-0.1568630039691925,0.38900864124298096,0.4695931077003479,0.053742531687021255,0.5363755226135254,0.5481389760971069,-0.270657479763031,0.3449743390083313,0.5256349444389343,-0.012638799846172333,0.438751220703125,0.5318801403045654,-0.3914342522621155,0.32966381311416626,0.5251216888427734,-0.2710455060005188,0.41405728459358215,0.5411856770515442,-0.43161702156066895,0.3159226179122925,0.5313429236412048,-0.3216901421546936,0.40225887298583984,0.5354201197624207,-0.422982394695282,0.3302430212497711,0.5288739800453186,-0.3289088308811188,0.4059475064277649,0.5311763882637024,-0.38561803102493286,0.3399198055267334,0.5272685885429382,-0.2810879647731781,0.4952486753463745,0.5773096680641174,-0.07657723128795624,0.4074092209339142,0.5706775188446045,0.07664262503385544,0.43880996108055115,0.5598905086517334,-0.524899959564209,0.3145793378353119,0.5507013201713562,-0.2964731752872467,0.4117017388343811,0.6657388806343079,-0.3714185357093811,0.3359694182872772,0.6594007611274719,-0.18243417143821716,0.42482393980026245,0.6809540390968323,-0.35596156120300293,0.3551204204559326,0.6744699478149414,-0.1792064905166626,0.3605272173881531,0.7100685834884644,-0.4918041527271271,0.28375357389450073,0.6976499557495117,-0.2842155992984772
0.42629000544548035,0.43731093406677246,-0.22122398018836975,0.4367087483406067,0.42792755365371704,-0.2264164686203003,0.44445860385894775,0.4276663661003113,-0.22621817886829376,0.4529445767402649,0.4274675250053406,-0.22619964182376862,0.421154260635376,0.4279058873653412,-0.20103885233402252,0.4166426360607147,0.42767438292503357,-0.20102086663246155,0.4121553301811218,0.4274144172668457,-0.20098848640918732,0.4730260372161865,0.4291418790817261,-0.16730274260044098,0.41723376512527466,0.42823299765586853,-0.05580277368426323,0.4401736855506897,0.446063369512558,-0.19875608384609222,0.4221389889717102,0.44677501916885376,-0.16315269470214844,0.535531759262085,0.4791240096092224,-0.14997321367263794,0.38895952701568604,0.4715394079685211,0.04601508751511574,0.5387465953826904,0.5516424179077148,-0.2563427984714508,0.34575530886650085,0.5254043340682983,-0.018117405474185944,0.4430907070636749,0.5367075800895691,-0.38264140486717224,0.3285805881023407,0.5266529321670532,-0.2717117965221405,0.41656097769737244,0.5457190871238708,-0.4230656325817108,0.31447768211364746,0.5352915525436401,-0.32159423828125,0.4064621031284332,0.540149986743927,-0.41515597701072693,0.32916516065597534,0.5327309966087341,-0.33133170008659363,0.40969520807266235,0.5360259413719177,-0.37759140133857727,0.3386729955673218,0.5306743383407593,-0.28272461891174316,0.49549511075019836,0.580845057964325,-0.0711502879858017,0.4071944057941437,0.5761978030204773,0.07109114527702332,0.44042932987213135,0.5613602995872498,-0.5158115029335022,0.3162028193473816,0.553838312625885,-0.2907010018825531,0.41612255573272705,0.6669425368309021,-0.374741792678833,0.3386426270008087,0.6614301204681396,-0.18653923273086548,0.4276670217514038,0.6820328831672668,-0.3611416220664978,0.3567996323108673,0.6767880320549011,-0.1810780167579651,0.3665432333946228,0.7111889123916626,-0.49105724692344666,0.28631889820098877,0.6995682120323181,-0.28855612874031067
0.4263104498386383,0.4369770288467407,-0.21406593918800354,0.4367254674434662,0.427764892578125,-0.21586874127388,0.44437283277511597,0.4275858998298645,-0.21568556129932404,0.4527532160282135,0.42730653285980225,-0.2156706601381302,0.4211913049221039,0.4274583160877228,-0.19202595949172974,0.4165664613246918,0.4270782768726349,-0.1920541375875473,0.41212978959083557,0.42670750617980957,-0.19203944504261017,0.47332069277763367,0.4286211431026459,-0.1489017903804779,0.41714391112327576,0.42770153284072876,-0.03938743844628334,0.4401980936527252,0.44597306847572327,-0.1855868399143219,0.422188401222229,0.44643399119377136,-0.15334829688072205,0.5356376767158508,0.47764939069747925,-0.13697411119937897,0.38717392086982727,0.47076258063316345,0.06602689623832703,0.535473644733429,0.5495729446411133,-0.2540276050567627,0.34262311458587646,0.5224521160125732,-0.014691255986690521,0.43741458654403687,0.5351992845535278,-0.3814622759819031,0.32213887572288513,0.5262585282325745,-0.26507189869880676,0.4138833284378052,0.5451650619506836,-0.4203522801399231,0.30866923928260803,0.5351129174232483,-0.31490349769592285,0.40173667669296265,0.5388142466545105,-0.41251125931739807,0.32491910457611084,0.5328627824783325,-0.3261370062828064,0.4051598310470581,0.5346223711967468,-0.3763008415699005,0.3338093161582947,0.5305166840553284,-0.27687761187553406,0.49549034237861633,0.5790993571281433,-0.0711238831281662,0.4040958881378174,0.574474036693573,0.07104566693305969,0.44045865535736084,0.5597965717315674,-0.5356196761131287,0.31474146246910095,0.5527637004852295,-0.2941691279411316,0.4156673848628998,0.6665445566177368,-0.38738563656806946,0.3385722041130066,0.6612676978111267,-0.18996784090995789,0.42667439579963684,0.6813786029815674,-0.37404385209083557,0.3566477596759796,0.6760381460189819,-0.18450002372264862,0.3656192719936371,0.7098142504692078,-0.5071555376052856,0.28640109300613403,0.6984386444091797,-0.3016805350780487
0.4275709390640259,0.4365948438644409,-0.2092045545578003,0.4379443824291229,0.4276179373264313,-0.20972631871700287,0.4459782540798187,0.4275229275226593,-0.20955871045589447,0.454743355512619,0.4270991384983063,-0.20953688025474548,0.4224509000778198,0.4270511269569397,-0.1877022534608841,0.4177249073982239,0.4265654683113098,-0.18774396181106567,0.4129394292831421,0.4260946214199066,-0.18774189054965973,0.4751714766025543,0.4286785423755646,-0.1424177885055542,0.4172881841659546,0.4274066686630249,-0.040006279945373535,0.44091400504112244,0.4458772540092468,-0.1800980120897293,0.42307037115097046,0.445902019739151,-0.15050524473190308,0.5357940793037415,0.4769745171070099,-0.12712502479553223,0.38625919818878174,0.4702935218811035,0.06525097787380219,0.5364033579826355,0.5492005944252014,-0.23139581084251404,0.3441675901412964,0.5217238664627075,-0.010268352925777435,0.43665531277656555,0.5356102585792542,-0.3552926182746887,0.32230761647224426,0.5292150974273682,-0.2623617649078369,0.4137513339519501,0.546654999256134,-0.3953337073326111,0.3098863661289215,0.5393674969673157,-0.3130464255809784,0.3999103605747223,0.5402697920799255,-0.3941626250743866,0.3258879482746124,0.5366051197052002,-0.3259395360946655,0.40267130732536316,0.5360985994338989,-0.35286223888397217,0.33502304553985596,0.5336989164352417,-0.27329468727111816,0.49622219800949097,0.5786485075950623,-0.06302756816148758,0.40353336930274963,0.574637770652771,0.0629505142569542,0.4411143958568573,0.5593425035476685,-0.5254965424537659,0.315591961145401,0.5521011352539062,-0.30201318860054016,0.4152791500091553,0.6664566397666931,-0.3922961354255676,0.34009236097335815,0.6605162024497986,-0.211979478597641,0.4260431230068207,0.6809636950492859,-0.3798235356807709,0.3573179543018341,0.675319254398346,-0.20633089542388916,0.3650418817996979,0.709456205368042,-0.5154219269752502,0.2898176908493042,0.698442280292511,-0.32885295152664185
0.42915335297584534,0.4357953369617462,-0.2647457420825958,0.43944886326789856,0.42647382616996765,-0.26132097840309143,0.4476194381713867,0.4265863597393036,-0.26113641262054443,0.45650309324264526,0.42650550603866577,-0.2611064016819,0.4236518144607544,0.4257291555404663,-0.23975126445293427,0.41873273253440857,0.4251434803009033,-0.23982369899749756,0.4137558043003082,0.42457646131515503,-0.23981992900371552,0.4764215350151062,0.42855721712112427,-0.16603678464889526,0.4173004627227783,0.42577335238456726,-0.067125104367733,0.44214072823524475,0.4448223114013672,-0.22506600618362427,0.4238486588001251,0.4446319043636322,-0.19663427770137787,0.5359064340591431,0.4764302670955658,-0.14344412088394165,0.3855619728565216,0.4690398871898651,0.05252315476536751,0.5371376276016235,0.5480785965919495,-0.2771327495574951,0.3415655195713043,0.5202541947364807,-0.04123230278491974,0.43496936559677124,0.5348109006881714,-0.4567186236381531,0.32306477427482605,0.529017448425293,-0.3416389226913452,0.41301727294921875,0.5467096567153931,-0.5099584460258484,0.3121066987514496,0.5395565629005432,-0.4037042558193207,0.3978232145309448,0.5400113463401794,-0.5077272653579712,0.32784855365753174,0.5364046096801758,-0.41378703713417053,0.40057989954948425,0.5357296466827393,-0.45509177446365356,0.3366861045360565,0.533395528793335,-0.3532416820526123,0.49793684482574463,0.5780162215232849,-0.06496720016002655,0.40303611755371094,0.5746804475784302,0.06479739397764206,0.4412583112716675,0.555740237236023,-0.6046096086502075,0.315973699092865,0.5498338341712952,-0.3543247878551483,0.4149683713912964,0.6662978529930115,-0.435196191072464,0.34013110399246216,0.6598465442657471,-0.23650196194648743,0.4260118007659912,0.6807686686515808,-0.4183960258960724,0.35733622312545776,0.6749865412712097,-0.22925075888633728,0.36266013979911804,0.7088210582733154,-0.5790833830833435,0.28960320353507996,0.6974458694458008,-0.37489309906959534
